,MAC,SSID,Frequncy,Signal,Lat,Lon,Alt,TIME,Approx. w-center algo1,
0,00:1a:dd:e3:06:e4,afikim-wifi,1,-78,32.10252980407737,35.20731989055549,699.8860444902846,03/12/2017 08:37,Approx. w-center algo1,
1,d8:fe:e3:03:5a:31,Moria,6,-83,32.10253058645726,35.20730738013259,699.7521498326602,03/12/2017 08:37,Approx. w-center algo1,
2,00:27:19:e3:2d:fe,AUC_51_3,1,-86,32.1025333,35.20726399,699.2877605,03/12/2017 08:37,Approx. w-center algo1,
3,00:25:86:cc:00:f8,AUC_54_R,5,-86,32.1036511338293,35.20818645055072,693.5284770476239,03/12/2017 08:37,Approx. w-center algo1,
4,14:ae:db:32:52:12,surikat,6,-89,32.1025333,35.20726399,699.2877605,03/12/2017 08:37,Approx. w-center algo1,
5,1c:b9:c4:16:f1:98,Ariel_University,11,-90,32.102451274333504,35.20905003233264,704.3789272499456,03/12/2017 08:37,Approx. w-center algo1,
6,34:0b:01:19:21:42,afikim-wifi,7,-91,32.1025333,35.20726399,699.2877605,03/12/2017 08:37,Approx. w-center algo1,
7,a0:4f:d4:3b:e9:01,Lidor a,6,-84,32.10252819,35.2073457,700.1622739,03/12/2017 08:37,Approx. w-center algo1,
8,14:ae:db:3a:64:05,tanya,1,-86,32.10252819,35.2073457,700.1622739,03/12/2017 08:37,Approx. w-center algo1,
9,10:be:f5:3b:68:2c,Hagar,11,-87,32.10252819,35.2073457,700.1622739,03/12/2017 08:37,Approx. w-center algo1,
10,1c:b9:c4:16:f4:7c,Ariel_University,36,-91,32.10280322837024,35.20906727397825,700.8887701548482,03/12/2017 08:46,Approx. w-center algo1,
11,ec:8c:a2:08:a9:38,Ariel_University,6,-88,32.10276969128207,35.20753617370849,695.1730814227402,03/12/2017 08:37,Approx. w-center algo1,
12,00:21:04:4c:2a:a2,Yan,6,-89,32.10252819,35.2073457,700.1622739,03/12/2017 08:37,Approx. w-center algo1,
13,a0:4f:d4:3a:a0:e1,Cellcom-WiFi_0123,11,-89,32.10252819,35.2073457,700.1622739,03/12/2017 08:37,Approx. w-center algo1,
14,ec:8c:a2:08:94:1c,Ariel_University,44,-91,32.10300525332254,35.208576374877296,703.7551463441338,03/12/2017 08:50,Approx. w-center algo1,
15,ec:8c:a2:08:94:18,Ariel_University,1,-88,32.102862028749165,35.20924598214601,696.538144774877,03/12/2017 08:54,Approx. w-center algo1,
16,d0:0f:6d:f1:35:2f,Sveta,4,-85,32.10251814,35.20734901,698.9056862,03/12/2017 08:37,Approx. w-center algo1,
17,a0:ab:1b:59:55:54,ear,1,-85,32.10251814,35.20734901,698.9056862,03/12/2017 08:37,Approx. w-center algo1,
18,b0:48:7a:a1:80:8c,Knoch,4,-86,32.10251814,35.20734901,698.9056862,03/12/2017 08:37,Approx. w-center algo1,
19,10:be:f5:39:8f:f2,LARISA,3,-86,32.10251814,35.20734901,698.9056862,03/12/2017 08:37,Approx. w-center algo1,
20,00:12:2a:39:2c:3c,netbox-550b,1,-86,32.10251814,35.20734901,698.9056862,03/12/2017 08:37,Approx. w-center algo1,
21,10:be:f5:a7:b4:f4,Home,7,-87,32.10251814,35.20734901,698.9056862,03/12/2017 08:37,Approx. w-center algo1,
22,1c:b9:c4:96:f1:97, ,60,-88,32.10229102318592,35.20893378685792,699.60545254732,03/12/2017 08:37,Approx. w-center algo1,
23,ec:8c:a2:08:78:cc,Ariel_University,48,-91,32.102834785407076,35.208505814422345,709.0192550243684,03/12/2017 08:46,Approx. w-center algo1,
24,1c:b9:c4:16:d2:88,Ariel_University,11,-92,32.10340292393685,35.20820058779238,698.9708824098662,03/12/2017 08:37,Approx. w-center algo1,
25,14:ae:db:43:88:35,BEZEQINT-8831,6,-85,32.10251582,35.20733918,697.9931738,03/12/2017 08:37,Approx. w-center algo1,
26,ec:8c:a2:09:03:38,Ariel_University,1,-85,32.10281447258352,35.20758104643376,693.2074095914419,03/12/2017 08:37,Approx. w-center algo1,
27,1c:b9:c4:14:33:c8,Ariel_University,11,-90,32.10297254089722,35.208396315407825,693.4932026373573,03/12/2017 08:37,Approx. w-center algo1,
28,1c:b9:c4:96:28:f7, ,36,-92,32.10242248027882,35.20871363107448,704.2728646359667,03/12/2017 08:45,Approx. w-center algo1,
29,1c:b9:c4:96:f4:77, ,36,-89,32.10282121006391,35.20819917792264,693.7210746747174,03/12/2017 08:41,Approx. w-center algo1,
30,ec:8c:a2:88:94:17, ,44,-89,32.102973885553006,35.208283657250206,701.0755866204041,03/12/2017 08:50,Approx. w-center algo1,
31,00:8c:54:90:ce:d1,victoria,11,-89,32.10251744,35.20733873,695.5775666,03/12/2017 08:37,Approx. w-center algo1,
32,ec:8c:a2:08:78:c8,Ariel_University,6,-91,32.102925503975264,35.20843984336877,697.4356932876537,03/12/2017 08:54,Approx. w-center algo1,
33,06:ae:db:3a:64:05,BezeqFree,1,-84,32.10245839,35.20743113,694.8881938,03/12/2017 08:37,Approx. w-center algo1,
34,1c:b9:c4:14:33:cc,Ariel_University,48,-90,32.10256544594044,35.20866661804297,708.7241681397583,03/12/2017 08:46,Approx. w-center algo1,
35,14:ae:db:cb:05:f5,Mama,11,-90,32.10245839,35.20743113,694.8881938,03/12/2017 08:37,Approx. w-center algo1,
36,ec:9b:f3:26:ab:3a,SGH-I337M,6,-92,32.102809007719216,35.208211489317236,697.7819011534322,03/12/2017 08:37,Approx. w-center algo1,
37,80:37:73:d7:ab:3a,Hoom_2.4,1,-88,32.10246378,35.2075634,694.1299433,03/12/2017 08:37,Approx. w-center algo1,
38,ec:8c:a2:89:03:37, ,44,-85,32.103095709642695,35.20769665164133,691.9218910783717,03/12/2017 08:38,Approx. w-center algo1,
39,ec:8c:a2:09:03:3c,Ariel_University,44,-84,32.10310231762264,35.20769803698113,691.9064470784905,03/12/2017 08:38,Approx. w-center algo1,
40,1c:b9:c4:16:d2:8c,Ariel_University,44,-91,32.10303118040932,35.208881677981815,712.6180173504731,03/12/2017 08:45,Approx. w-center algo1,
41,14:ae:db:58:0d:6d,__ery,11,-91,32.10258799,35.20759021,693.1085203,03/12/2017 08:37,Approx. w-center algo1,
42,cc:fa:00:ae:93:46,bezek freeee,6,-86,32.1026346,35.20757686,692.0341048,03/12/2017 08:37,Approx. w-center algo1,
43,00:0e:f4:c1:50:14,vladimir,11,-92,32.1026346,35.20757686,692.0341048,03/12/2017 08:37,Approx. w-center algo1,
44,ec:8c:a2:08:a9:3c,Ariel_University,36,-90,32.102945224590165,35.20767327327869,691.0835484311475,03/12/2017 08:37,Approx. w-center algo1,
45,1c:b9:c4:16:28:f8,Ariel_University,6,-91,32.102750094538045,35.208768378198464,700.756786957972,03/12/2017 08:37,Approx. w-center algo1,
46,a4:08:f5:20:72:6a,HOTFiber-3C40,1,-87,32.10286151,35.2076292,691.1036072,03/12/2017 08:37,Approx. w-center algo1,
47,ec:8c:a2:08:77:48,Ariel_University,6,-88,32.10286151,35.2076292,691.1036072,03/12/2017 08:37,Approx. w-center algo1,
48,14:ae:db:cf:86:f5,Biren2809,11,-92,32.10314760878292,35.20814477323022,691.7941043278232,03/12/2017 08:41,Approx. w-center algo1,
49,1c:b9:c4:16:f4:78,Ariel_University,1,-88,32.1033546841149,35.209036303316196,701.2690189868418,03/12/2017 08:55,Approx. w-center algo1,
50,1c:b9:c4:96:d2:87, ,44,-89,32.1029743,35.20769755,690.9460551,03/12/2017 08:37,Approx. w-center algo1,
51,ec:8c:a2:09:93:b8,Ariel_University,11,-90,32.1029743,35.20769755,690.9460551,03/12/2017 08:37,Approx. w-center algo1,
52,ec:8c:a2:08:7a:1c,Ariel_University,44,-89,32.103496615386376,35.207792405326586,690.6301240373049,03/12/2017 08:37,Approx. w-center algo1,
53,ec:8c:a2:08:a9:28,Ariel_University,11,-90,32.10361868641025,35.207816711195406,690.5070725832499,03/12/2017 08:38,Approx. w-center algo1,
54,ec:8c:a2:09:0c:cc,Ariel_University,44,-88,32.103218918416296,35.207760400995475,690.8382411624433,03/12/2017 08:37,Approx. w-center algo1,
55,ec:8c:a2:08:78:3c,Ariel_University,40,-89,32.10317578,35.20775336,690.8658803,03/12/2017 08:37,Approx. w-center algo1,
56,ec:8c:a2:08:a9:2c,Ariel_University,44,-91,32.10376648205501,35.207831805206744,690.3776745990665,03/12/2017 08:37,Approx. w-center algo1,
57,ec:8c:a2:88:a9:27, ,44,-89,32.10377986680154,35.207818161627536,690.4231966181052,03/12/2017 08:38,Approx. w-center algo1,
58,ec:8c:a2:88:a9:37, ,36,-81,32.10325457,35.20776622,690.8153989,03/12/2017 08:37,Approx. w-center algo1,
59,ec:8c:a2:26:ae:28,Ariel_University,11,-88,32.10325457,35.20776622,690.8153989,03/12/2017 08:37,Approx. w-center algo1,
60,a0:4f:d4:46:a9:e1,richman,11,-92,32.10325457,35.20776622,690.8153989,03/12/2017 08:37,Approx. w-center algo1,
61,ec:8c:a2:88:7a:17, ,44,-87,32.10375939452498,35.2078243035797,690.4413487881285,03/12/2017 08:38,Approx. w-center algo1,
62,ec:8c:a2:08:7a:18,Ariel_University,1,-84,32.103777884259735,35.207825901211045,690.4274628271224,03/12/2017 08:38,Approx. w-center algo1,
63,ec:8c:a2:08:78:38,Ariel_University,1,-81,32.10332339,35.20778663,690.7687922,03/12/2017 08:37,Approx. w-center algo1,
64,ec:8c:a2:26:b0:58,Ariel_University,6,-84,32.10332339,35.20778663,690.7687922,03/12/2017 08:37,Approx. w-center algo1,
65,ec:8c:a2:88:78:37, ,40,-90,32.10332339,35.20778663,690.7687922,03/12/2017 08:37,Approx. w-center algo1,
66,ec:8c:a2:08:7b:8c,Ariel_University,40,-91,32.103679062175786,35.20782822476644,690.504226948267,03/12/2017 08:37,Approx. w-center algo1,
67,ec:8c:a2:09:86:d8,Ariel_University,6,-92,32.10332339,35.20778663,690.7687922,03/12/2017 08:37,Approx. w-center algo1,
68,ec:8c:a2:89:0c:c7, ,44,-86,32.10342051,35.20780553,690.6874449,03/12/2017 08:38,Approx. w-center algo1,
69,ec:8c:a2:09:0c:c8,Ariel_University,1,-86,32.10342051,35.20780553,690.6874449,03/12/2017 08:38,Approx. w-center algo1,
70,ec:8c:a2:88:7b:87, ,40,-89,32.10392177952859,35.20789536827361,690.2937519216672,03/12/2017 08:38,Approx. w-center algo1,
71,ec:8c:a2:08:90:cc,Ariel_University,36,-87,32.10342051,35.20780553,690.6874449,03/12/2017 08:38,Approx. w-center algo1,
72,ec:8c:a2:08:90:c8,Ariel_University,11,-89,32.10360081448697,35.207819530976074,690.5542770560943,03/12/2017 08:38,Approx. w-center algo1,
73,ec:8c:a2:09:8c:38,Ariel_University,1,-80,32.10353355,35.20781292,690.579513,03/12/2017 08:38,Approx. w-center algo1,
74,00:27:22:f3:bb:3a, ,6,-86,32.10353355,35.20781292,690.579513,03/12/2017 08:38,Approx. w-center algo1,
75,00:27:22:f3:bb:86, ,6,-87,32.10375725064331,35.20784015875796,690.4441102858599,03/12/2017 08:38,Approx. w-center algo1,
76,ec:8c:a2:09:8c:3c,Ariel_University,44,-88,32.10353355,35.20781292,690.579513,03/12/2017 08:38,Approx. w-center algo1,
77,ec:8c:a2:89:8c:37, ,44,-86,32.10371441,35.20782636,690.4758806,03/12/2017 08:38,Approx. w-center algo1,
78,ec:8c:a2:0a:08:b8,Ariel_University,6,-89,32.10371441,35.20782636,690.4758806,03/12/2017 08:38,Approx. w-center algo1,
79,ec:8c:a2:08:7b:88,Ariel_University,1,-77,32.10395116,35.20786377,690.3267398,03/12/2017 08:38,Approx. w-center algo1,
80,00:25:86:cc:07:b2,KCG_54,2,-87,32.104100165,35.208427924999995,703.2732683999999,03/12/2017 08:38,Approx. w-center algo1,
81,84:c9:b2:4a:e7:87,dlink,2,-86,32.10441405,35.20788087,689.9496965,03/12/2017 08:38,Approx. w-center algo1,
82,1c:b9:c4:16:cd:68,Ariel_University,11,-86,32.10441405,35.20788087,689.9496965,03/12/2017 08:38,Approx. w-center algo1,
83,00:1a:dd:f4:f5:c4, ,13,-93,32.105442656271165,35.20965046645703,688.9758318044288,03/12/2017 08:39,Approx. w-center algo1,
84,00:1a:dd:f4:f5:c5,Afikim_Wifi,13,-91,32.105139546852534,35.2090711198415,689.2440822061451,03/12/2017 08:38,Approx. w-center algo1,
85,ec:8c:a2:08:92:48,Ariel_University,6,-85,32.10461272,35.20792964,689.6670161,03/12/2017 08:38,Approx. w-center algo1,
86,ec:8c:a2:08:92:4c,Ariel_University,36,-88,32.10461272,35.20792964,689.6670161,03/12/2017 08:38,Approx. w-center algo1,
87,f0:b0:52:3e:d6:f8,Ariel_University,11,-86,32.10473074,35.20808402,689.6319853,03/12/2017 08:38,Approx. w-center algo1,
88,e6:46:da:e4:84:c0,Aviramf phone,6,-87,32.10473074,35.20808402,689.6319853,03/12/2017 08:38,Approx. w-center algo1,
89,00:27:22:f3:e0:83, ,1,-88,32.10473074,35.20808402,689.6319853,03/12/2017 08:38,Approx. w-center algo1,
90,ec:8c:a2:26:d2:c8,Ariel_University,11,-93,32.10463137338773,35.20888730480682,690.5715158626813,03/12/2017 08:38,Approx. w-center algo1,
91,1c:b9:c4:16:05:38,Ariel_University,11,-91,32.104352663982056,35.20915694136958,696.8380098860846,03/12/2017 08:38,Approx. w-center algo1,
92,00:1a:2f:7f:6b:70, ,13,-89,32.105403962630646,35.21002221836776,689.5201519177853,03/12/2017 08:38,Approx. w-center algo1,
93,b2:6c:ac:a0:7b:4d,magneto,11,-92,32.10548715576634,35.21001576743571,689.720047701767,03/12/2017 08:39,Approx. w-center algo1,
94,1c:b9:c4:15:44:58,Ariel_University,11,-93,32.10479743538817,35.21082823438391,694.2410407171465,03/12/2017 08:43,Approx. w-center algo1,
95,c2:6c:ac:a0:7b:4d,outsense,11,-91,32.10478355050784,35.209597572380225,700.2320977291567,03/12/2017 08:41,Approx. w-center algo1,
96,90:6c:ac:a0:7b:4d,EVE,11,-92,32.10532176358436,35.210082324636495,697.7501795144296,03/12/2017 08:45,Approx. w-center algo1,
97,1c:b9:c4:16:05:3c,Ariel_University,36,-91,32.10461735812513,35.20943759785426,695.5120296299328,03/12/2017 08:54,Approx. w-center algo1,
98,90:6c:ac:9f:fb:1f,Guest,1,-91,32.10525770535801,35.20998300804908,689.2163203797887,03/12/2017 08:45,Approx. w-center algo1,
99,d0:bf:9c:db:31:30,HP-Print-30-Officejet 7610,6,-91,32.105276545448596,35.21008355220749,689.4935731524342,03/12/2017 08:38,Approx. w-center algo1,
100,f8:e9:03:12:ef:3b,ShapeDo,6,-90,32.104772098926865,35.20959198230233,689.4143707177217,03/12/2017 08:38,Approx. w-center algo1,
101,a2:6c:ac:9f:fb:27,Neuropplied,36,-91,32.10489280452044,35.20928224929236,690.7444350477191,03/12/2017 08:38,Approx. w-center algo1,
102,90:6c:ac:9f:fb:27,Guest,36,-92,32.10489300750748,35.20928225112238,690.7435731246445,03/12/2017 08:38,Approx. w-center algo1,
103,b2:6c:ac:9f:fb:27,iagree,36,-92,32.10489300750748,35.20928225112238,690.7435731246445,03/12/2017 08:38,Approx. w-center algo1,
104,c2:6c:ac:9f:fb:27,shapedo,36,-92,32.10489300750748,35.20928225112238,690.7435731246445,03/12/2017 08:38,Approx. w-center algo1,
105,00:27:22:f3:e2:f3, ,6,-87,32.105924523066314,35.21055874940192,688.6737904388694,03/12/2017 08:39,Approx. w-center algo1,
106,00:27:22:f3:a6:9a, ,6,-87,32.10580184810194,35.21010479865621,688.5497027103218,03/12/2017 08:39,Approx. w-center algo1,
107,58:70:c6:00:d0:f1,YICarCam_00d0f1,6,-89,32.10577582622688,35.20997089823396,688.521735330273,03/12/2017 08:38,Approx. w-center algo1,
108,1c:b9:c4:16:06:e8,Ariel_University,11,-89,32.105842735116646,35.210210781833354,688.5965322302222,03/12/2017 08:38,Approx. w-center algo1,
109,08:97:58:32:a6:3e,NIPPON_2516,3,-73,32.10572051,35.20975997,688.5550301,03/12/2017 08:38,Approx. w-center algo1,
110,f8:a9:d0:66:06:4d,Orange G2_4113,6,-81,32.10572051,35.20975997,688.5550301,03/12/2017 08:38,Approx. w-center algo1,
111,b2:6c:ac:9f:fb:1f,iagree,1,-91,32.10473505056258,35.20976766943338,701.7426013491323,03/12/2017 08:45,Approx. w-center algo1,
112,1c:b9:c4:15:44:5c,Ariel_University,44,-91,32.10502559776039,35.210091497402466,703.8122263458256,03/12/2017 08:45,Approx. w-center algo1,
113,1c:b9:c4:15:42:6c,Ariel_University,48,-89,32.10538232772214,35.210379925162236,690.5953548629301,03/12/2017 08:38,Approx. w-center algo1,
114,00:1a:dd:f5:e9:25,Afikim-73925,1,-91,32.105402917045204,35.20993936259941,689.3753070298711,03/12/2017 08:41,Approx. w-center algo1,
115,1c:b9:c4:95:42:67, ,48,-90,32.105393535,35.21035938000001,690.5277389999999,03/12/2017 08:38,Approx. w-center algo1,
116,00:11:6b:2a:90:3c,Cartiheal,11,-92,32.10492080361653,35.20973323988146,703.1072222732037,03/12/2017 08:50,Approx. w-center algo1,
117,1c:b9:c4:14:2f:a8,Ariel_University,1,-90,32.10591114354393,35.21043701709937,688.6622483251579,03/12/2017 08:38,Approx. w-center algo1,
118,00:1a:dd:f5:e9:24,PEPWAVE_C99D,1,-90,32.10546046717561,35.21025745302323,689.4884991118435,03/12/2017 08:41,Approx. w-center algo1,
119,00:1a:dd:f4:ef:04,PEPWAVE_9481,1,-92,32.10596257203692,35.210551537293405,688.682501700329,03/12/2017 08:39,Approx. w-center algo1,
120,1c:b9:c4:15:42:68,Ariel_University,11,-92,32.10490059033083,35.210958043212706,705.5651465875792,03/12/2017 08:56,Approx. w-center algo1,
121,00:1a:dd:f5:06:a4, ,13,-83,32.10593532,35.21038077,688.6045855,03/12/2017 08:39,Approx. w-center algo1,
122,00:1a:dd:f5:06:a5,Afikim_Wifi,13,-84,32.10593532,35.21038077,688.6045855,03/12/2017 08:39,Approx. w-center algo1,
123,1c:b9:c4:16:06:ec,Ariel_University,44,-89,32.10604981348211,35.210919087792035,688.7622466136462,03/12/2017 08:39,Approx. w-center algo1,
124,00:1a:dd:f4:ef:c5,Afikim_Wifi,1,-81,32.10608928,35.21106968,688.7624378,03/12/2017 08:39,Approx. w-center algo1,
125,00:0d:f0:3e:fa:ca,Gateway,9,-87,32.10608928,35.21106968,688.7624378,03/12/2017 08:39,Approx. w-center algo1,
126,1c:b9:c4:96:06:e7, ,44,-90,32.106129980126084,35.21159973091318,689.0436342888271,03/12/2017 08:39,Approx. w-center algo1,
127,10:be:f5:36:02:e2,TOP-SECRET,8,-82,32.10614939,35.21138727,688.8993666,03/12/2017 08:39,Approx. w-center algo1,
128,00:1a:dd:f4:ef:c4, ,1,-87,32.10614939,35.21138727,688.8993666,03/12/2017 08:39,Approx. w-center algo1,
129,cc:b2:55:e7:7e:ba,Bezeq-NGN_E77EB9,6,-87,32.10618195,35.21168764,689.1981253,03/12/2017 08:39,Approx. w-center algo1,
130,00:1a:dd:f4:fc:84, ,8,-77,32.10621149,35.21194839,689.2763253,03/12/2017 08:39,Approx. w-center algo1,
131,00:1a:dd:f4:fc:85,Afikim_Wifi,8,-78,32.10621149,35.21194839,689.2763253,03/12/2017 08:39,Approx. w-center algo1,
132,f8:e7:1e:33:87:38,Police_Shomron ,1,-86,32.10621149,35.21194839,689.2763253,03/12/2017 08:39,Approx. w-center algo1,
133,00:1a:dd:f4:fc:64, ,1,-87,32.10621149,35.21194839,689.2763253,03/12/2017 08:39,Approx. w-center algo1,
134,00:1a:dd:f4:fc:65,Afikim_Wifi,1,-90,32.10621149,35.21194839,689.2763253,03/12/2017 08:39,Approx. w-center algo1,
135,1c:b9:c4:16:cd:18,IT-MNG,1,-88,32.105760147954975,35.2120639949368,690.4608693475203,03/12/2017 08:39,Approx. w-center algo1,
136,00:27:19:13:fc:a4,KCG_20,11,-91,32.105200955111236,35.21181344661473,694.5187617133271,03/12/2017 08:47,Approx. w-center algo1,
137,1c:b9:c4:56:cd:18,Ariel_University,1,-90,32.1057557162295,35.21206208836065,690.4771826721311,03/12/2017 08:39,Approx. w-center algo1,
138,f8:e7:1e:33:87:3c,Police_Shomron ,36,-86,32.10578181,35.21207188,690.5323471,03/12/2017 08:39,Approx. w-center algo1,
139,1c:b9:c4:15:fd:e8,IT-MNG,11,-89,32.10534576371486,35.211693099540014,691.3431389219876,03/12/2017 08:44,Approx. w-center algo1,
140,1c:b9:c4:16:cd:1c,Ariel_University,36,-88,32.10578181,35.21207188,690.5323471,03/12/2017 08:39,Approx. w-center algo1,
141,1c:b9:c4:55:fd:e8,Ariel_University,11,-91,32.105108751068954,35.21131187924018,700.3341362760717,03/12/2017 08:44,Approx. w-center algo1,
142,1c:b9:c4:15:fd:ec,Ariel_University,40,-83,32.105337115983424,35.211859884756414,691.9964341015791,03/12/2017 08:39,Approx. w-center algo1,
143,1c:b9:c4:15:3a:28,Ariel_University,1,-87,32.10544864,35.21192983,691.5885471,03/12/2017 08:39,Approx. w-center algo1,
144,1c:b9:c4:15:36:9c,Ariel_University,36,-88,32.10519175807336,35.21121997029554,703.6200349461581,03/12/2017 08:39,Approx. w-center algo1,
145,1c:b9:c4:96:cd:17, ,36,-89,32.10544864,35.21192983,691.5885471,03/12/2017 08:39,Approx. w-center algo1,
146,1c:b9:c4:15:36:98,Ariel_University,1,-91,32.10515114619666,35.211164575420334,700.3504652654074,03/12/2017 08:40,Approx. w-center algo1,
147,1c:b9:c4:15:3a:2c,Ariel_University,36,-92,32.10533815,35.21187488,692.0554072,03/12/2017 08:39,Approx. w-center algo1,
148,24:79:2a:2b:34:a8,Ariel_University,11,-92,32.10533815,35.21187488,692.0554072,03/12/2017 08:39,Approx. w-center algo1,
149,1c:b9:c4:16:05:78,Ariel_University,6,-92,32.10491803031489,35.21103961314832,704.3537680331611,03/12/2017 08:39,Approx. w-center algo1,
150,1c:b9:c4:16:2b:e8,Ariel_University,6,-92,32.104942330944944,35.211166932300834,691.0944200082624,03/12/2017 08:39,Approx. w-center algo1,
151,8c:0c:90:af:76:53, ,6,-90,32.10521012,35.21178481,692.3377116,03/12/2017 08:39,Approx. w-center algo1,
152,24:79:2a:2b:34:e8,Ariel_University,1,-91,32.10507123321165,35.21145722437702,693.5785828160674,03/12/2017 08:40,Approx. w-center algo1,
153,1c:b9:c4:15:44:88,Ariel_University,6,-91,32.104903525607845,35.21058150989972,699.0771993185289,03/12/2017 08:40,Approx. w-center algo1,
154,1c:b9:c4:15:ed:48,Ariel_University,1,-92,32.10473130083063,35.21090544959573,690.0217381673775,03/12/2017 08:49,Approx. w-center algo1,
155,8c:0c:90:2f:d3:d8,Ariel_University,11,-90,32.1045024285241,35.210956329466455,695.2145993485882,03/12/2017 08:40,Approx. w-center algo1,
156,ec:8c:a2:08:79:a8,Ariel_University,6,-82,32.104697508081955,35.210758098622094,693.5155460323649,03/12/2017 08:40,Approx. w-center algo1,
157,1c:b9:c4:95:ed:47, ,44,-87,32.10490612,35.21135241,691.7266026,03/12/2017 08:40,Approx. w-center algo1,
158,1c:b9:c4:15:ed:4c,Ariel_University,44,-88,32.10486748500001,35.21138014500001,690.8633012999999,03/12/2017 08:40,Approx. w-center algo1,
159,ec:8c:a2:08:79:88,Ariel_University,1,-92,32.10493454843041,35.210993686209285,688.9904963231984,03/12/2017 08:45,Approx. w-center algo1,
160,ec:8c:a2:08:79:ac,Ariel_University,36,-89,32.10491909813486,35.21130154991275,693.8682117075947,03/12/2017 08:40,Approx. w-center algo1,
161,1c:b9:c4:14:36:f8,Ariel_University,6,-90,32.104519883706345,35.2112795713649,694.6482809992879,03/12/2017 08:40,Approx. w-center algo1,
162,1c:b9:c4:16:05:7c,Ariel_University,36,-91,32.10488298310085,35.21100617822539,705.6254890731458,03/12/2017 08:40,Approx. w-center algo1,
163,1c:b9:c4:14:2b:c8,Ariel_University,6,-88,32.10487320044529,35.211012661912704,691.5611840341276,03/12/2017 08:43,Approx. w-center algo1,
164,1c:b9:c4:14:2b:cc,Ariel_University,36,-87,32.10504392892759,35.21106960666896,702.0456994850213,03/12/2017 08:40,Approx. w-center algo1,
165,1c:b9:c4:15:41:78,Ariel_University,1,-89,32.10461618975196,35.2104140456602,702.279934773441,03/12/2017 08:45,Approx. w-center algo1,
166,1c:b9:c4:94:2b:c7, ,36,-90,32.105027131769916,35.21103245132743,700.7822284442477,03/12/2017 08:40,Approx. w-center algo1,
167,1c:b9:c4:95:44:87, ,36,-91,32.10475063327358,35.211229991825604,699.6870731030043,03/12/2017 08:40,Approx. w-center algo1,
168,1c:b9:c4:15:44:8c,Ariel_University,36,-92,32.10473150533026,35.211193916361886,695.551073842294,03/12/2017 08:40,Approx. w-center algo1,
169,1c:b9:c4:94:30:07, ,36,-84,32.10506215,35.21071549,692.6868607,03/12/2017 08:40,Approx. w-center algo1,
170,1c:b9:c4:14:30:0c,Ariel_University,36,-85,32.10506215,35.21071549,692.6868607,03/12/2017 08:40,Approx. w-center algo1,
171,1c:b9:c4:14:30:08,Ariel_University,1,-90,32.105011147645655,35.21068038217124,697.547560681101,03/12/2017 08:44,Approx. w-center algo1,
172,1c:b9:c4:16:2d:e8,Ariel_University,11,-92,32.10503132732548,35.21076869997603,718.8313950282753,03/12/2017 08:53,Approx. w-center algo1,
173,ac:83:f3:b2:00:e9,SAMSONIX R500-e-09,1,-84,32.10500248,35.21047226,692.7188464,03/12/2017 08:40,Approx. w-center algo1,
174,1c:b9:c4:15:25:48,Ariel_University,1,-89,32.104843908797164,35.21052012138197,704.0622991638647,03/12/2017 08:47,Approx. w-center algo1,
175,1c:b9:c4:95:44:57, ,44,-89,32.10500097134948,35.210474774417534,710.7476613560386,03/12/2017 08:40,Approx. w-center algo1,
176,00:11:6b:11:7d:c7,yosh,13,-92,32.104703578048465,35.21018517081552,701.7883626515556,03/12/2017 08:50,Approx. w-center algo1,
177,38:a2:8c:02:e7:6e,SAMSONIX ML_003,6,-91,32.10500248,35.21047226,692.7188464,03/12/2017 08:40,Approx. w-center algo1,
178,1c:b9:c4:16:2d:ec,Ariel_University,36,-85,32.10493192,35.21025667,692.7030959,03/12/2017 08:40,Approx. w-center algo1,
179,1c:b9:c4:15:20:38,Ariel_University,11,-89,32.10481947553551,35.21014193390533,697.8852428282809,03/12/2017 08:45,Approx. w-center algo1,
180,1c:b9:c4:96:2d:e7, ,36,-89,32.10492987690615,35.21027043681567,708.8736268895207,03/12/2017 08:40,Approx. w-center algo1,
181,c2:6c:ac:9f:fb:1f,shapedo,1,-91,32.104476811377,35.20966976828942,690.2290859602898,03/12/2017 08:40,Approx. w-center algo1,
182,1c:b9:c4:15:34:b8,Ariel_University,6,-92,32.10493192,35.21025667,692.7030959,03/12/2017 08:40,Approx. w-center algo1,
183,c4:12:f5:fd:6a:74,mati-sh1,9,-85,32.10483384,35.21004948,692.7415285,03/12/2017 08:40,Approx. w-center algo1,
184,a2:6c:ac:a0:3d:eb,giftwizard,3,-92,32.10483079420748,35.210247332381215,697.2038644372979,03/12/2017 08:49,Approx. w-center algo1,
185,a2:6c:ac:9f:fb:1f,Neuropplied,1,-89,32.10470345772495,35.20992677887299,697.5095333678156,03/12/2017 08:40,Approx. w-center algo1,
186,90:6c:ac:a0:3d:eb,Guest,3,-89,32.104585231849775,35.209732559668126,699.1356199768566,03/12/2017 08:40,Approx. w-center algo1,
187,8c:0c:90:2f:36:58,Ariel_University,1,-89,32.10475609588094,35.20996993102033,699.1416431451048,03/12/2017 08:40,Approx. w-center algo1,
188,a2:6c:ac:a0:7b:4d,Guest,11,-85,32.104334217502576,35.209489059276244,689.4419453863277,03/12/2017 08:50,Approx. w-center algo1,
189,c2:6c:ac:a0:7b:55,outsense,52,-79,32.10466943159815,35.20982459227965,701.930329660997,03/12/2017 08:40,Approx. w-center algo1,
190,b2:6c:ac:a0:7b:55,magneto,52,-79,32.10467817311063,35.20981364614866,708.512039507796,03/12/2017 08:40,Approx. w-center algo1,
191,a2:6c:ac:a0:7b:55,Guest,52,-80,32.10467787022423,35.20981344909455,708.6936298586921,03/12/2017 08:40,Approx. w-center algo1,
192,74:ea:3a:ad:d1:50,TP-LINK_ADD150,4,-86,32.103392595163854,35.20918078959333,688.5077355333425,03/12/2017 08:50,Approx. w-center algo1,
193,90:6c:ac:a0:60:4d,Guest,1,-79,32.10462255596586,35.209775426434305,689.1632024996212,03/12/2017 08:45,Approx. w-center algo1,
194,a2:6c:ac:a0:60:4d,incentive2,1,-83,32.10429525881002,35.209459658569806,689.2506394283968,03/12/2017 08:57,Approx. w-center algo1,
195,1c:b9:c4:14:62:4c,Ariel_University,36,-74,32.10457103,35.2096085,692.8918491,03/12/2017 08:40,Approx. w-center algo1,
196,1c:b9:c4:14:62:48,Ariel_University,11,-74,32.10369934555162,35.209380936659855,689.3970423904141,03/12/2017 08:40,Approx. w-center algo1,
197,f8:e9:03:12:ef:3c,ShapeDo-5GHz,60,-77,32.10456801264497,35.209679315475164,689.8684136392159,03/12/2017 08:40,Approx. w-center algo1,
198,1c:b9:c4:94:62:47, ,36,-79,32.10457103,35.2096085,692.8918491,03/12/2017 08:40,Approx. w-center algo1,
199,24:79:2a:2c:5b:dc,Ariel_University,36,-89,32.10414268728313,35.210023911466585,703.1484393099993,03/12/2017 08:55,Approx. w-center algo1,
200,a2:6c:ac:a0:18:29,artsim,6,-86,32.10366632378878,35.20929375497552,689.7993843395941,03/12/2017 08:45,Approx. w-center algo1,
201,24:79:2a:2c:5b:d8,Ariel_University,1,-90,32.10426455738192,35.21005083288669,707.385263074483,03/12/2017 08:42,Approx. w-center algo1,
202,34:8f:27:20:89:b8,Ariel_University,6,-84,32.10407309196093,35.20921639200438,690.5336507181158,03/12/2017 08:41,Approx. w-center algo1,
203,a0:8c:fd:8c:79:6f,DIRECT-6E-HP DeskJet 3630 series,6,-87,32.10451023949215,35.20956264752155,690.9289640792249,03/12/2017 08:41,Approx. w-center algo1,
204,34:8f:27:20:89:bc,Ariel_University,44,-87,32.10446697,35.20942986,692.9030486,03/12/2017 08:41,Approx. w-center algo1,
205,34:8f:27:a0:89:b7, ,44,-89,32.10446697,35.20942986,692.9030486,03/12/2017 08:41,Approx. w-center algo1,
206,ec:8c:a2:26:d3:68,Ariel_University,11,-90,32.10411721370414,35.20920781059581,697.6768680536876,03/12/2017 08:41,Approx. w-center algo1,
207,1c:b9:c4:16:1d:78,Ariel_University,1,-89,32.10349326615736,35.20910140272869,702.6945977860836,03/12/2017 08:41,Approx. w-center algo1,
208,58:70:c6:fb:68:7a,YICarCam_fb687a,5,-88,32.10436268,35.20927747,692.9954485,03/12/2017 08:41,Approx. w-center algo1,
209,30:e1:71:0d:e0:65,DIRECT-64-HP DeskJet 3630 series,6,-89,32.10419579465126,35.20912676871185,700.8868204746556,03/12/2017 08:41,Approx. w-center algo1,
210,1c:b9:c4:16:cc:d8,Ariel_University,1,-85,32.10417409383732,35.20908661148576,691.6582550841363,03/12/2017 08:45,Approx. w-center algo1,
211,00:27:22:f3:bb:2b, ,6,-89,32.10405974208485,35.20942539198074,705.486323233757,03/12/2017 08:54,Approx. w-center algo1,
212,a0:8c:fd:0a:24:56,DIRECT-13-HP DeskJet 3630 series,6,-90,32.10389056485712,35.20955436339452,699.4538401114222,03/12/2017 08:45,Approx. w-center algo1,
213,1c:b9:c4:15:fd:4c,Ariel_University,36,-91,32.10392939624505,35.20989590196249,709.9752409417698,03/12/2017 08:42,Approx. w-center algo1,
214,1c:b9:c4:15:fd:48,Ariel_University,1,-90,32.10390673511027,35.20953614327177,700.626624001142,03/12/2017 08:41,Approx. w-center algo1,
215,1c:b9:c4:16:28:ec,Ariel_University,36,-91,32.103924393135756,35.20895999917965,704.3685369593965,03/12/2017 08:41,Approx. w-center algo1,
216,00:02:6f:b8:c4:1a, ,11,-92,32.10398682632535,35.20897218662043,702.3784600465826,03/12/2017 08:41,Approx. w-center algo1,
217,1c:b9:c4:16:28:e8,Ariel_University,1,-89,32.103124397010276,35.20890601761178,712.2684491031821,03/12/2017 08:46,Approx. w-center algo1,
218,8c:0c:90:2e:16:88,Ariel_University,11,-89,32.10385252547132,35.20919457388165,706.2264702871173,03/12/2017 08:51,Approx. w-center algo1,
219,90:6c:ac:a0:18:29,Guest,6,-88,32.104449172710325,35.20951164142043,697.0465922952188,03/12/2017 08:41,Approx. w-center algo1,
220,ec:8c:a2:26:b0:e8,Ariel_University,6,-91,32.103749721426915,35.20894700940936,690.5191773282104,03/12/2017 08:45,Approx. w-center algo1,
221,1c:b9:c4:15:1c:b8,Ariel_University,1,-92,32.10348831095051,35.209789529079046,699.630393546728,03/12/2017 09:09,Approx. w-center algo1,
222,1c:b9:c4:15:23:5c,Ariel_University,36,-91,32.1040793,35.20894494,693.2106003,03/12/2017 08:41,Approx. w-center algo1,
223,1c:b9:c4:95:23:57, ,36,-92,32.1040793,35.20894494,693.2106003,03/12/2017 08:41,Approx. w-center algo1,
224,b2:6c:ac:a0:3d:eb,sinusafe,3,-93,32.104684180896626,35.209897639191354,713.6913092584938,03/12/2017 08:45,Approx. w-center algo1,
225,1c:b9:c4:15:23:58,Ariel_University,6,-89,32.104262128411186,35.20927262423413,704.3325236906038,03/12/2017 08:45,Approx. w-center algo1,
226,40:a5:ef:7a:17:f2,2.4V1,1,-89,32.10328656158513,35.20901109186122,702.3711703327018,03/12/2017 08:45,Approx. w-center algo1,
227,1c:b9:c4:95:fd:47, ,36,-91,32.10372953719322,35.20938173019013,705.7432982800343,03/12/2017 08:54,Approx. w-center algo1,
228,1c:b9:c4:96:28:e7, ,36,-90,32.10368839404259,35.20877681449641,691.4510767060129,03/12/2017 08:41,Approx. w-center algo1,
229,1c:b9:c4:16:cc:dc,Ariel_University,36,-90,32.10374536,35.20874764,692.9018041,03/12/2017 08:41,Approx. w-center algo1,
230,8c:0c:90:ae:16:83, ,11,-89,32.10347009280669,35.20900906803975,702.7178632074773,03/12/2017 08:45,Approx. w-center algo1,
231,8c:0c:90:6e:16:88, ,11,-88,32.10337238967126,35.20920904283576,703.9653112399707,03/12/2017 08:42,Approx. w-center algo1,
232,1c:b9:c4:12:7c:c8,Ariel_University,11,-86,32.1029303974605,35.209189947191945,693.1716047005322,03/12/2017 08:41,Approx. w-center algo1,
233,1c:b9:c4:16:13:08,Ariel_University,11,-89,32.10356596725276,35.208775732329386,697.2890669062416,03/12/2017 08:41,Approx. w-center algo1,
234,1c:b9:c4:12:7c:cc,Ariel_University,36,-90,32.10302114966438,35.20881390529063,691.9923582266479,03/12/2017 08:41,Approx. w-center algo1,
235,1c:b9:c4:92:7c:c7, ,36,-84,32.102900829303124,35.20885512993856,691.8458350044154,03/12/2017 08:45,Approx. w-center algo1,
236,1c:b9:c4:12:90:bc,Ariel_University,40,-90,32.10279271480931,35.20952043191717,703.8078100430529,03/12/2017 08:42,Approx. w-center algo1,
237,1c:b9:c4:16:13:0c,Ariel_University,44,-89,32.10332615,35.20866419,692.4506545,03/12/2017 08:41,Approx. w-center algo1,
238,1c:b9:c4:96:13:07, ,44,-91,32.10332615,35.20866419,692.4506545,03/12/2017 08:41,Approx. w-center algo1,
239,1c:b9:c4:12:90:b8,Ariel_University,11,-94,32.103156991516755,35.20942496663937,712.209121893892,03/12/2017 08:45,Approx. w-center algo1,
240,f8:d1:11:77:77:c6,HelpDesk,4,-88,32.10293403202566,35.208812204427616,689.9281535819649,03/12/2017 08:57,Approx. w-center algo1,
241,8c:0c:90:2d:75:e8,Ariel_University,1,-84,32.102804881843284,35.20913624780595,693.545441791176,03/12/2017 08:41,Approx. w-center algo1,
242,1c:b9:c4:16:f4:28,Ariel_University,11,-93,32.1028940946443,35.208876460916564,700.0111649064654,03/12/2017 08:50,Approx. w-center algo1,
243,34:8f:27:20:8c:18,Ariel_University,6,-90,32.102875136700554,35.209096669389396,693.7861545273049,03/12/2017 08:50,Approx. w-center algo1,
244,1c:b9:c4:15:43:e8,Ariel_University,1,-91,32.10275756475104,35.2089993424035,702.9311960312009,03/12/2017 08:45,Approx. w-center algo1,
245,ec:8c:a2:88:78:c7, ,48,-90,32.103218437243385,35.208955919910935,694.2303369947847,03/12/2017 08:41,Approx. w-center algo1,
246,d8:5d:4c:9e:69:22,AUC_4_2_24,1,-89,32.10317138329874,35.209181241209414,703.483680861558,03/12/2017 08:55,Approx. w-center algo1,
247,1c:b9:c4:14:2f:68,Ariel_University,6,-86,32.10280230040449,35.20898864293399,691.3083250518987,03/12/2017 08:45,Approx. w-center algo1,
248,1c:b9:c4:96:f4:27, ,44,-90,32.10250943934865,35.20909891667761,691.7725879453926,03/12/2017 08:41,Approx. w-center algo1,
249,1c:b9:c4:14:2f:6c,Ariel_University,36,-88,32.10263474621571,35.208939946428934,690.5293944095723,03/12/2017 08:41,Approx. w-center algo1,
250,1c:b9:c4:16:11:a8,Ariel_University,1,-85,32.1032700875,35.2101165525,693.980747225,03/12/2017 08:41,Approx. w-center algo1,
251,ec:8c:a2:26:b1:78,Ariel_University,1,-93,32.102857844642315,35.20967906889624,702.949592034171,03/12/2017 08:46,Approx. w-center algo1,
252,1c:b9:c4:16:11:ac,Ariel_University,44,-88,32.10220059298829,35.209531401253855,700.6597046498431,03/12/2017 08:46,Approx. w-center algo1,
253,1c:b9:c4:16:28:fc,Ariel_University,36,-90,32.102446116499095,35.209070100217524,700.8379600878515,03/12/2017 08:46,Approx. w-center algo1,
254,62:ab:1b:60:b4:cb,Bezeq Free,8,-89,32.10217754347683,35.20956710846661,696.3509147874128,03/12/2017 08:54,Approx. w-center algo1,
255,1c:b9:c4:14:2c:18,Ariel_University,1,-85,32.102401058518154,35.20914456426317,697.9423213342517,03/12/2017 08:41,Approx. w-center algo1,
256,a0:ab:1b:60:b4:ca,36518749,8,-87,32.10234319205361,35.20903752117517,690.6515556420352,03/12/2017 08:41,Approx. w-center algo1,
257,1c:b9:c4:15:ed:78,Ariel_University,6,-89,32.102362773435374,35.20906601336715,690.0863320578876,03/12/2017 08:46,Approx. w-center algo1,
258,1c:b9:c4:16:04:78,Ariel_University,11,-86,32.102423434836176,35.209291498339546,694.1363815998842,03/12/2017 08:41,Approx. w-center algo1,
259,1c:b9:c4:14:2b:d8,Ariel_University,1,-85,32.102287900501096,35.20915262019991,690.338845252492,03/12/2017 08:46,Approx. w-center algo1,
260,1c:b9:c4:14:2b:dc,Ariel_University,36,-87,32.10222225155836,35.209242396949236,690.3532606564698,03/12/2017 08:41,Approx. w-center algo1,
261,1c:b9:c4:94:2b:d7, ,36,-88,32.10227804749559,35.20926738082343,697.3514191571015,03/12/2017 08:41,Approx. w-center algo1,
262,1c:b9:c4:16:ed:38,Ariel_University,6,-88,32.10259426267665,35.209364575951554,693.4448086728452,03/12/2017 08:41,Approx. w-center algo1,
263,48:ee:0c:3e:86:dd,tachlit3,7,-89,32.10238354298297,35.208836764970954,689.4879837412519,03/12/2017 08:41,Approx. w-center algo1,
264,a0:8c:fd:0a:d5:f5,DIRECT-F4-HP DeskJet 3630 series,6,-91,32.10232266326396,35.20919448517941,701.4477488713821,03/12/2017 08:41,Approx. w-center algo1,
265,3c:52:82:ef:d4:56,DIRECT-55-HP DeskJet 3630 series,6,-87,32.1021876438271,35.20929027070707,694.1649424249406,03/12/2017 08:46,Approx. w-center algo1,
266,1c:b9:c4:16:f1:48,Ariel_University,1,-91,32.102312147160355,35.20975240484241,705.1808611695552,03/12/2017 08:54,Approx. w-center algo1,
267,1c:b9:c4:16:f1:4c,Ariel_University,36,-85,32.10214478825503,35.209089104123656,689.2517761994259,03/12/2017 08:41,Approx. w-center algo1,
268,1c:b9:c4:15:3d:58,Ariel_University,11,-86,32.10272222099395,35.209512073120564,695.6788943336242,03/12/2017 08:41,Approx. w-center algo1,
269,1c:b9:c4:15:3a:38,Ariel_University,11,-90,32.1027976117482,35.20979663953613,696.578676343971,03/12/2017 08:46,Approx. w-center algo1,
270,1c:b9:c4:15:1b:88,Ariel_University,11,-92,32.102086001403414,35.2092881386763,690.0247298040624,03/12/2017 08:46,Approx. w-center algo1,
271,1c:b9:c4:95:3a:37, ,44,-87,32.10204841,35.20930544,690.6637923,03/12/2017 08:41,Approx. w-center algo1,
272,1c:b9:c4:15:3a:3c,Ariel_University,44,-87,32.10204919904429,35.20957634167495,691.331833627447,03/12/2017 08:41,Approx. w-center algo1,
273,1c:b9:c4:15:1b:8c,Ariel_University,58,-88,32.10202729137922,35.20947062645334,690.8338172741264,03/12/2017 08:41,Approx. w-center algo1,
274,1c:b9:c4:15:1e:68,Ariel_University,1,-90,32.10258909945738,35.209808004922124,691.1694935669534,03/12/2017 08:50,Approx. w-center algo1,
275,1c:b9:c4:95:1b:87, ,58,-89,32.10204841,35.20930544,690.6637923,03/12/2017 08:41,Approx. w-center algo1,
276,00:11:6b:11:02:b7,yosh,1,-90,32.10202449999529,35.20958486770989,690.8964523898275,03/12/2017 08:41,Approx. w-center algo1,
277,1c:b9:c4:15:ed:7c,Ariel_University,60,-83,32.10199116,35.20958211,691.3292747,03/12/2017 08:41,Approx. w-center algo1,
278,1c:b9:c4:15:3d:5c,Ariel_University,36,-85,32.10199321629435,35.20956991208259,690.640765867288,03/12/2017 08:41,Approx. w-center algo1,
279,1c:b9:c4:16:f4:2c,Ariel_University,44,-89,32.10227852990744,35.209369749580915,707.3728818265399,03/12/2017 08:54,Approx. w-center algo1,
280,1c:b9:c4:15:1e:6c,Ariel_University,36,-90,32.102512786105734,35.20963302471069,693.2846435342426,03/12/2017 08:42,Approx. w-center algo1,
281,1c:b9:c4:95:43:e7, ,36,-90,32.10199116,35.20958211,691.3292747,03/12/2017 08:41,Approx. w-center algo1,
282,1c:b9:c4:96:04:77, ,60,-86,32.1020499,35.209817,691.9252951,03/12/2017 08:41,Approx. w-center algo1,
283,30:e1:71:0f:a2:72,DIRECT-71-HP DeskJet 3630 series,6,-86,32.102013149441845,35.209728565210945,690.9557848697661,03/12/2017 08:41,Approx. w-center algo1,
284,1c:b9:c4:96:11:a7, ,44,-90,32.102380988022716,35.20925838958442,702.875479097806,03/12/2017 08:41,Approx. w-center algo1,
285,00:1d:aa:81:d8:3c,KCG-ADSL,3,-93,32.1034628399056,35.210209597915046,700.1840099670471,03/12/2017 08:51,Approx. w-center algo1,
286,c4:12:f5:f6:a0:18,lab_6.1.3,3,-84,32.10344152968305,35.210174631459914,694.0830623906352,03/12/2017 08:41,Approx. w-center algo1,
287,1c:b9:c4:16:ee:98,Ariel_University,6,-91,32.10242760875619,35.20998075561807,692.5719647708396,03/12/2017 08:41,Approx. w-center algo1,
288,1c:b9:c4:15:3d:68,Ariel_University,6,-85,32.10283052914705,35.210089434215625,692.1934632426697,03/12/2017 08:51,Approx. w-center algo1,
289,1c:b9:c4:16:ee:9c,Ariel_University,36,-86,32.10259715930853,35.2099206902852,696.4473308717598,03/12/2017 09:08,Approx. w-center algo1,
290,1c:b9:c4:15:3d:6c,Ariel_University,44,-89,32.10264502272434,35.20989780706844,696.5341776300195,03/12/2017 08:42,Approx. w-center algo1,
291,1c:b9:c4:14:2c:38,Ariel_University,6,-90,32.102888917239426,35.20993288236732,693.2146096475849,03/12/2017 08:42,Approx. w-center algo1,
292,1c:b9:c4:14:30:38,Ariel_University,1,-87,32.10295022075351,35.20968099448602,700.5273228010037,03/12/2017 08:59,Approx. w-center algo1,
293,1c:b9:c4:96:ed:37, ,44,-87,32.10294448092236,35.20968831829753,698.1641498561195,03/12/2017 08:42,Approx. w-center algo1,
294,1c:b9:c4:16:ed:3c,Ariel_University,44,-91,32.103082511366374,35.209885300314866,704.8281718763716,03/12/2017 08:54,Approx. w-center algo1,
295,30:e1:71:0f:a2:49,DIRECT-47-HP DeskJet 3630 series,6,-88,32.10263817241183,35.209876775815914,693.8391299424325,03/12/2017 08:42,Approx. w-center algo1,
296,1c:b9:c4:12:af:78,Ariel_University,11,-92,32.10285386911863,35.209812898643754,691.8546132648949,03/12/2017 08:51,Approx. w-center algo1,
297,1c:b9:c4:12:af:7c,Ariel_University,40,-89,32.102975181876815,35.209679185730806,697.3000448783765,03/12/2017 08:42,Approx. w-center algo1,
298,1c:b9:c4:15:ec:38,Ariel_University,6,-90,32.103087702548365,35.209862919440816,693.6063254813301,03/12/2017 08:42,Approx. w-center algo1,
299,1c:b9:c4:14:30:3c,Ariel_University,44,-91,32.10298530552546,35.20969269662513,701.7019224858896,03/12/2017 08:42,Approx. w-center algo1,
300,3c:52:82:ef:c4:3c,DIRECT-3B-HP DeskJet 3630 series,6,-82,32.103112658123116,35.20972712999357,698.4515190341033,03/12/2017 08:42,Approx. w-center algo1,
301,1c:b9:c4:15:ec:3c,Ariel_University,36,-91,32.10296665169082,35.20967465176776,699.7362750977118,03/12/2017 09:01,Approx. w-center algo1,
302,1c:b9:c4:95:ec:37, ,36,-90,32.10298166861612,35.20967767084474,699.3847452726127,03/12/2017 08:42,Approx. w-center algo1,
303,1c:b9:c4:14:2b:88,Ariel_University,11,-90,32.1033990394156,35.21000244627602,697.1666480069823,03/12/2017 08:42,Approx. w-center algo1,
304,1c:b9:c4:94:30:37, ,44,-91,32.102978549329606,35.20968957586714,699.0312381657526,03/12/2017 08:42,Approx. w-center algo1,
305,1c:b9:c4:92:af:77, ,40,-86,32.1031242360616,35.209633780470426,698.587617262037,03/12/2017 08:42,Approx. w-center algo1,
306,1c:b9:c4:16:06:bc,Ariel_University,48,-89,32.103505240271836,35.209845773805085,697.730389962866,03/12/2017 08:42,Approx. w-center algo1,
307,1c:b9:c4:16:06:b8,Ariel_University,11,-92,32.10390598213334,35.21069919697766,706.3654721444788,03/12/2017 08:46,Approx. w-center algo1,
308,3c:52:82:ef:d4:52,DIRECT-51-HP DeskJet 3630 series,6,-88,32.10360702366273,35.209908177216754,700.2261390593166,03/12/2017 08:42,Approx. w-center algo1,
309,1c:b9:c4:15:ed:b8,IT-MNG,1,-89,32.1033618375449,35.20975078060045,700.4082398297394,03/12/2017 08:42,Approx. w-center algo1,
310,1c:b9:c4:16:f1:58,Ariel_University,6,-91,32.10333191237644,35.20953546198587,709.4347451317543,03/12/2017 08:54,Approx. w-center algo1,
311,1c:b9:c4:96:06:b7, ,48,-83,32.10377640487973,35.21008430605145,706.2198169290021,03/12/2017 08:42,Approx. w-center algo1,
312,1c:b9:c4:16:e5:a8,Ariel_University,6,-87,32.10365383598101,35.21008175890535,697.3482846663806,03/12/2017 08:42,Approx. w-center algo1,
313,1c:b9:c4:16:e5:ac,Ariel_University,36,-88,32.10360555,35.20981183,696.984537,03/12/2017 08:42,Approx. w-center algo1,
314,c0:4a:00:71:ee:ee,Onicom,9,-91,32.10348809727732,35.2098071823292,699.2249391764587,03/12/2017 08:42,Approx. w-center algo1,
315,24:79:2a:2b:bd:8c,Ariel_University,44,-88,32.103792991984555,35.21009379618329,703.0223738822456,03/12/2017 08:42,Approx. w-center algo1,
316,24:79:2a:ab:bd:87, ,44,-89,32.10379296114642,35.21009371111037,703.0188089087,03/12/2017 08:42,Approx. w-center algo1,
317,1c:b9:c4:16:ed:48,Ariel_University,6,-89,32.10368020929821,35.21013661527444,699.7117218215341,03/12/2017 08:42,Approx. w-center algo1,
318,24:79:2a:2b:bd:88,Ariel_University,11,-89,32.10380865582212,35.21035151956725,696.2914999363164,03/12/2017 09:03,Approx. w-center algo1,
319,24:79:2a:2c:5c:18,Ariel_University,11,-85,32.103849574141044,35.21023385162966,700.7183690331105,03/12/2017 09:06,Approx. w-center algo1,
320,24:79:2a:2b:07:b8,Ariel_University,11,-91,32.10380270127366,35.21015452224357,702.052394389587,03/12/2017 08:46,Approx. w-center algo1,
321,60:e3:27:7b:e0:98,HelpDesk,4,-90,32.104065430997366,35.20975991222397,692.8947036542758,03/12/2017 08:45,Approx. w-center algo1,
322,24:79:2a:2b:07:bc,Ariel_University,36,-90,32.10384306913842,35.21017605576105,702.8873605318781,03/12/2017 08:42,Approx. w-center algo1,
323,3c:52:82:ef:a4:8b,DIRECT-8A-HP DeskJet 3630 series,6,-89,32.1037734409584,35.21013481964975,699.0985950933108,03/12/2017 08:42,Approx. w-center algo1,
324,8c:0c:90:2e:e8:18,Ariel_University,6,-81,32.10409099861101,35.210688288126065,700.3846851686018,03/12/2017 08:42,Approx. w-center algo1,
325,1c:b9:c4:15:ed:38,Ariel_University,6,-89,32.10422031132051,35.21052516939191,694.224598762181,03/12/2017 08:42,Approx. w-center algo1,
326,8c:0c:90:2d:34:38,Ariel_University,11,-90,32.104078204249184,35.21069042181055,696.4326713940098,03/12/2017 08:42,Approx. w-center algo1,
327,24:79:2a:2b:24:98,Ariel_University,1,-89,32.104250808788095,35.21062416851404,694.7682635018961,03/12/2017 08:47,Approx. w-center algo1,
328,24:79:2a:2c:61:68,Ariel_University,6,-86,32.104047107327965,35.21059905296254,696.7270599963318,03/12/2017 08:42,Approx. w-center algo1,
329,24:79:2a:2b:24:9c,Ariel_University,36,-87,32.10406542,35.21056381,697.5076284,03/12/2017 08:42,Approx. w-center algo1,
330,1c:b9:c4:16:e8:fc,Ariel_University,36,-89,32.10415575280497,35.21103696036162,696.1003908520289,03/12/2017 08:42,Approx. w-center algo1,
331,1c:b9:c4:15:ed:3c,Ariel_University,36,-89,32.10414685296415,35.21080078014202,704.4425966288085,03/12/2017 08:42,Approx. w-center algo1,
332,1c:b9:c4:15:41:7c,Ariel_University,44,-83,32.10416345193416,35.21100124672102,696.2173923846444,03/12/2017 08:42,Approx. w-center algo1,
333,1c:b9:c4:16:e8:f8,Ariel_University,11,-91,32.10461883113529,35.21051925971011,693.4903424562722,03/12/2017 08:45,Approx. w-center algo1,
334,1c:b9:c4:95:41:77, ,44,-84,32.104164385056606,35.21088765132075,704.5435791788678,03/12/2017 08:42,Approx. w-center algo1,
335,1c:b9:c4:96:e8:f7, ,36,-89,32.1041763194873,35.211026251631694,700.330552890559,03/12/2017 08:42,Approx. w-center algo1,
336,1c:b9:c4:95:ed:37, ,36,-85,32.10418021,35.21097162,697.8335736,03/12/2017 08:42,Approx. w-center algo1,
337,1c:b9:c4:14:36:fc,Ariel_University,36,-90,32.10423236083136,35.21117844897863,704.2993113790975,03/12/2017 08:42,Approx. w-center algo1,
338,1c:b9:c4:94:36:f7, ,36,-89,32.10421175,35.21118934,697.9876833,03/12/2017 08:42,Approx. w-center algo1,
339,ec:8c:a2:88:79:a7, ,36,-83,32.10490479,35.21124745,697.4311692,03/12/2017 08:42,Approx. w-center algo1,
340,1c:b9:c4:96:05:77, ,36,-90,32.10490479,35.21124745,697.4311692,03/12/2017 08:42,Approx. w-center algo1,
341,00:11:6b:11:7e:0c,yosh,1,-94,32.1045055999159,35.21086633053136,701.7069083693192,03/12/2017 08:51,Approx. w-center algo1,
342,1c:b9:c4:16:2b:ec,Ariel_University,36,-91,32.10508385,35.21105177,723.7793961,03/12/2017 08:44,Approx. w-center algo1,
343,00:1a:dd:f5:e2:e4, ,8,-90,32.10468231954045,35.2099254346227,710.2256059438022,03/12/2017 08:45,Approx. w-center algo1,
344,00:1a:dd:f5:e2:e5,Afikim_Wifi,8,-91,32.104772225353976,35.210128214972045,702.7538803125013,03/12/2017 08:45,Approx. w-center algo1,
345,08:ed:b9:3d:8f:4b,HP-Print-4b-LaserJet 400,6,-89,32.1049281,35.21028241,722.9373547,03/12/2017 08:45,Approx. w-center algo1,
346,1c:b9:c4:15:34:bc,Ariel_University,36,-90,32.1049281,35.21028241,722.9373547,03/12/2017 08:45,Approx. w-center algo1,
347,70:5a:0f:57:04:17,DIRECT-B1-HP DeskJet 3830 series,11,-84,32.10474846,35.21005988,687.0,03/12/2017 08:45,Approx. w-center algo1,
348,1c:b9:c4:15:25:4c,Ariel_University,44,-87,32.10474846,35.21005988,687.0,03/12/2017 08:45,Approx. w-center algo1,
349,90:6c:ac:9f:f1:c5,CliClap,2,-90,32.10432787290914,35.2094403957176,718.4184377682758,03/12/2017 08:45,Approx. w-center algo1,
350,8c:0c:90:6f:36:58, ,1,-78,32.10469340120761,35.20992463314879,706.1602376529412,03/12/2017 08:45,Approx. w-center algo1,
351,a2:6c:ac:a0:60:55,incentive2,36,-84,32.10456879065021,35.20969929955878,704.3331469515239,03/12/2017 08:45,Approx. w-center algo1,
352,70:5a:0f:57:42:43,DIRECT-42-HP DeskJet 3830 series,11,-75,32.10447804,35.20959776,687.0,03/12/2017 08:45,Approx. w-center algo1,
353,b2:6c:ac:a0:18:29,restore,6,-85,32.103787136097495,35.20911580024808,687.9518351951255,03/12/2017 08:57,Approx. w-center algo1,
354,90:8d:78:54:6b:4d,Salomon,1,-90,32.104603746264274,35.20980756595432,701.4256799663947,03/12/2017 08:49,Approx. w-center algo1,
355,24:79:2a:ac:5b:d7, ,36,-92,32.104441301914676,35.20944049357651,719.6999289406901,03/12/2017 08:45,Approx. w-center algo1,
356,a2:6c:ac:9f:f1:c5,Guest,2,-80,32.10435442453351,35.209358542286466,703.3204883574244,03/12/2017 08:45,Approx. w-center algo1,
357,b2:6c:ac:9f:f1:c5,paysday,2,-90,32.10439907443636,35.20950143551177,720.9522611873168,03/12/2017 08:53,Approx. w-center algo1,
358,1c:b9:c4:96:cc:d7, ,36,-89,32.1040063,35.20897411,716.4196812,03/12/2017 08:45,Approx. w-center algo1,
359,1c:b9:c4:16:1d:7c,Ariel_University,44,-89,32.10380222630932,35.209432425387504,710.3086401283509,03/12/2017 09:06,Approx. w-center algo1,
360,8c:0c:90:2f:ca:18,Ariel_University,1,-87,32.1038601,35.20889524,715.6639357,03/12/2017 08:45,Approx. w-center algo1,
361,00:02:6f:8e:64:67, ,1,-90,32.10344907272257,35.209239736013785,708.5804377541641,03/12/2017 09:01,Approx. w-center algo1,
362,30:e1:71:0d:e0:63,DIRECT-61-HP DeskJet 3630 series,6,-93,32.1034208585533,35.209055228509975,689.737007468711,03/12/2017 08:45,Approx. w-center algo1,
363,24:79:2a:2c:3d:68,Ariel_University,6,-90,32.10339539874442,35.208784194986094,699.0853653818432,03/12/2017 08:45,Approx. w-center algo1,
364,1c:b9:c4:16:12:e8,Ariel_University,1,-90,32.1035812,35.20879533000001,702.3207686500001,03/12/2017 08:45,Approx. w-center algo1,
365,1c:b9:c4:92:90:b7, ,40,-91,32.103074861705466,35.20912759696089,712.3984013869615,03/12/2017 08:50,Approx. w-center algo1,
366,8c:0c:90:ad:75:e3, ,1,-89,32.10316859765923,35.20879221040037,703.6473821346209,03/12/2017 08:45,Approx. w-center algo1,
367,1c:b9:c4:94:33:c7, ,48,-83,32.10296085,35.20883419,714.3703448,03/12/2017 08:45,Approx. w-center algo1,
368,7e:ff:30:08:7f:bd,SETUP,11,-80,32.10241537,35.208865,688.0,03/12/2017 08:46,Approx. w-center algo1,
369,1c:b9:c4:96:f1:47, ,36,-83,32.10215532,35.209260065,703.3361960999999,03/12/2017 08:46,Approx. w-center algo1,
370,fc:3f:db:9c:36:3d,DIRECT-5C-HP DeskJet 3630 series,6,-89,32.10206173092713,35.20947285972674,700.4320999661207,03/12/2017 08:46,Approx. w-center algo1,
371,1c:b9:c4:16:04:7c,Ariel_University,60,-88,32.10227173765646,35.20927735903116,704.3875712171651,03/12/2017 08:54,Approx. w-center algo1,
372,1c:b9:c4:95:3d:57, ,36,-87,32.10200080821171,35.20968340538726,700.0010789331561,03/12/2017 08:54,Approx. w-center algo1,
373,1c:b9:c4:15:43:ec,Ariel_University,36,-89,32.10229862905115,35.20922609822347,706.4003318582704,03/12/2017 08:46,Approx. w-center algo1,
374,84:c9:b2:b7:c8:2d,Bezeq,6,-93,32.102581205776694,35.20997250642133,698.0276205441359,03/12/2017 08:54,Approx. w-center algo1,
375,10:0d:7f:7c:90:0a,Malibu,11,-91,32.1020859,35.20993739,692.0,03/12/2017 08:46,Approx. w-center algo1,
376,d0:d4:12:68:5b:ca,klyn,1,-95,32.1020859,35.20993739,692.0,03/12/2017 08:46,Approx. w-center algo1,
377,14:ae:db:4f:50:75,GuyEmily,6,-90,32.10219395119086,35.21000358466558,700.9890867386622,03/12/2017 08:54,Approx. w-center algo1,
378,e8:94:f6:d5:98:86,TP-LINK_D59886,9,-94,32.10225656,35.21001902,692.0,03/12/2017 08:46,Approx. w-center algo1,
379,1c:b9:c4:95:3d:67, ,44,-88,32.10263052,35.21002971,712.9572535,03/12/2017 08:46,Approx. w-center algo1,
380,1c:b9:c4:95:1e:67, ,36,-89,32.10263052,35.21002971,712.9572535,03/12/2017 08:46,Approx. w-center algo1,
381,1c:b9:c4:96:ee:97, ,36,-91,32.10282894,35.20990359,712.9649553,03/12/2017 08:46,Approx. w-center algo1,
382,1c:b9:c4:15:1c:bc,Ariel_University,36,-90,32.10338816,35.20978021,713.0579803,03/12/2017 08:46,Approx. w-center algo1,
383,1c:b9:c4:14:2b:8c,Ariel_University,44,-90,32.10338816,35.20978021,713.0579803,03/12/2017 08:46,Approx. w-center algo1,
384,3c:1e:04:05:5f:f5,BezeqNGN_009030_2.4GHz_1,1,-95,32.1042776881354,35.21140688661445,701.7264123799245,03/12/2017 08:47,Approx. w-center algo1,
385,1c:b9:c4:96:2b:e7, ,36,-89,32.10500618,35.21121884,710.775619,03/12/2017 08:49,Approx. w-center algo1,
386,a0:8c:fd:8c:c5:b2,DIRECT-98-HP DeskJet 3630 series,6,-92,32.10497406,35.2111867,696.0,03/12/2017 08:49,Approx. w-center algo1,
387,30:e1:71:0f:b2:6a,DIRECT-69-HP DeskJet 3630 series,6,-93,32.10497523,35.21118447,698.0,03/12/2017 08:49,Approx. w-center algo1,
388,00:1a:dd:f5:df:c5,Afikim_Wifi,6,-93,32.10488210367834,35.21037360796379,704.0554242364997,03/12/2017 08:49,Approx. w-center algo1,
389,18:d6:c7:ad:25:1a, ,13,-89,32.10494483,35.2104469,717.6172124,03/12/2017 08:49,Approx. w-center algo1,
390,00:1a:dd:f5:df:c4, ,6,-89,32.10494483,35.2104469,717.6172124,03/12/2017 08:49,Approx. w-center algo1,
391,30:b5:c2:b8:40:36, ,13,-91,32.10494483,35.2104469,717.6172124,03/12/2017 08:49,Approx. w-center algo1,
392,58:70:c6:fb:96:30,YICarCam_fb9630,5,-88,32.10473133,35.21000489,687.0,03/12/2017 08:49,Approx. w-center algo1,
393,9c:d2:1e:04:e6:2c,HP-Print-2c-LaserJet 400 color,6,-91,32.10473133,35.21000489,687.0,03/12/2017 08:49,Approx. w-center algo1,
394,30:e1:71:0d:e0:67,DIRECT-66-HP DeskJet 3630 series,6,-83,32.10455252,35.2096924,689.0,03/12/2017 08:50,Approx. w-center algo1,
395,1c:b9:c4:96:1d:77, ,44,-85,32.10377002,35.20885656,710.3643464,03/12/2017 08:50,Approx. w-center algo1,
396,1c:b9:c4:94:2f:67, ,36,-84,32.10293474,35.20878314,707.529971,03/12/2017 08:50,Approx. w-center algo1,
397,1c:b9:c4:14:2c:3c,Ariel_University,52,-87,32.103051394275916,35.20997310285422,697.5563349391615,03/12/2017 08:51,Approx. w-center algo1,
398,1c:b9:c4:96:f1:57, ,52,-89,32.103260453223626,35.209740245618306,703.9055825016047,03/12/2017 08:51,Approx. w-center algo1,
399,1c:b9:c4:16:f1:5c,Ariel_University,52,-89,32.10331055686494,35.20975755340407,703.9414788229468,03/12/2017 08:51,Approx. w-center algo1,
400,24:79:2a:2c:5c:1c,Ariel_University,36,-89,32.10380800022559,35.21015332685624,707.2625708225743,03/12/2017 08:51,Approx. w-center algo1,
401,24:79:2a:ac:5c:17, ,36,-91,32.10398654,35.21044402,705.104886,03/12/2017 08:51,Approx. w-center algo1,
402,24:79:2a:ab:24:97, ,36,-86,32.10406638,35.21063208,704.8039142,03/12/2017 08:51,Approx. w-center algo1,
403,c8:be:19:07:77:b9,Bezeq-N_0777b8,11,-88,32.10413713,35.21082446,704.7212452,03/12/2017 08:51,Approx. w-center algo1,
404,24:79:2a:2c:61:6c,Ariel_University,36,-92,32.10413713,35.21082446,704.7212452,03/12/2017 08:51,Approx. w-center algo1,
405,1c:b9:c4:95:36:97, ,36,-86,32.10502807,35.21096172,733.9581295,03/12/2017 08:53,Approx. w-center algo1,
406,24:c9:a1:36:52:d8,Ariel_University,1,-90,32.10481856,35.21012315,726.1049343,03/12/2017 08:53,Approx. w-center algo1,
407,90:6c:ac:a0:7b:55,EVE,52,-73,32.10465583,35.20979911,721.9074686,03/12/2017 08:53,Approx. w-center algo1,
408,90:6c:ac:a0:60:55,Guest,36,-82,32.10465583,35.20979911,721.9074686,03/12/2017 08:53,Approx. w-center algo1,
409,1c:b9:c4:94:2c:37, ,52,-90,32.10273247505415,35.2098593580868,700.6765494912178,03/12/2017 08:55,Approx. w-center algo1,
410,c0:bd:d1:d5:8c:55,AndroidAP,6,-80,32.10312597,35.209215779999994,696.5,03/12/2017 08:57,Approx. w-center algo1,
411,e4:95:6e:40:87:1a,OOP_course,1,-20,32.10300921,35.2096084,701.0,03/12/2017 09:01,Approx. w-center algo1,
412,24:79:2a:2b:02:78,Ariel_University,6,-80,32.10381301,35.21016707,708.0,03/12/2017 09:06,Approx. w-center algo1,
413,1c:b9:c4:15:ed:bc,IT-MNG,48,-85,32.1034255,35.20978696,702.0,03/12/2017 09:07,Approx. w-center algo1,
