WigleWifi-1.4,appRelease=2.26,model=Nexus 5,release=6.0.1,device=hammerhead,display=M4B30Z,board=hammerhead,brand=google
MAC,SSID,AuthMode,FirstSeen,Channel,RSSI,CurrentLatitude,CurrentLongitude,AltitudeMeters,AccuracyMeters,Type
1c:b9:c4:16:d2:8c,Ariel_University,[ESS],2017-11-07 15:49:30,44,-61,32.10346077,35.20928742,727,47,WIFI
1c:b9:c4:16:28:ec,Ariel_University,[ESS],2017-11-07 15:49:30,52,-49,32.10346077,35.20928742,727,47,WIFI
1c:b9:c4:16:d2:88,Ariel_University,[ESS],2017-11-07 15:49:30,11,-56,32.10346077,35.20928742,727,47,WIFI
1c:b9:c4:16:28:e8,Ariel_University,[ESS],2017-11-07 15:49:30,1,-51,32.10346077,35.20928742,727,47,WIFI
24:79:2a:2c:3d:68,Ariel_University,[ESS],2017-11-07 15:49:30,11,-73,32.10346077,35.20928742,727,47,WIFI
24:79:2a:2c:3d:6c,Ariel_University,[ESS],2017-11-07 15:49:30,44,-77,32.10346077,35.20928742,727,47,WIFI
1c:b9:c4:96:28:e7,,[WPA2-PSK-CCMP][ESS],2017-11-07 15:49:30,52,-50,32.10346077,35.20928742,727,47,WIFI
ec:8c:a2:08:78:c8,Ariel_University,[ESS],2017-11-07 15:49:30,6,-82,32.10346077,35.20928742,727,47,WIFI
34:8f:27:20:8c:18,Ariel_University,[ESS],2017-11-07 15:49:30,1,-77,32.10346077,35.20928742,727,47,WIFI
24:79:2a:ac:3d:67,,[WPA2-PSK-CCMP][ESS],2017-11-07 15:49:30,44,-79,32.10346077,35.20928742,727,47,WIFI
ec:8c:a2:08:78:cc,Ariel_University,[ESS],2017-11-07 15:49:30,40,-89,32.10346077,35.20928742,727,47,WIFI
42501_7211_3084804,012 Mobile,UNKNOWN;il,2017-11-07 15:49:30,0,-113,32.10346077,35.20928742,727,47,GSM
00:25:86:cb:fd:f8,,[ESS],2017-11-07 15:49:36,9,-79,32.10346876,35.2092456,737,14,WIFI
1c:b9:c4:12:90:b8,Ariel_University,[ESS],2017-11-07 15:49:36,11,-84,32.10346876,35.2092456,737,14,WIFI
1c:b9:c4:12:90:bc,Ariel_University,[ESS],2017-11-07 15:49:36,40,-88,32.10346876,35.2092456,737,14,WIFI
1c:b9:c4:16:e5:a8,Ariel_University,[ESS],2017-11-07 15:49:42,11,-84,32.10347186,35.20924617,741,23,WIFI
30:e1:71:0d:e0:63,DIRECT-61-HP DeskJet 3630 series,[WPA2-PSK-CCMP][ESS],2017-11-07 15:49:48,6,-88,32.1031906,35.20937249,619,22,WIFI
24:79:2a:2c:3d:68,Ariel_University,[ESS],2017-11-07 15:49:54,11,-64,32.10321513,35.20934597,645,14,WIFI
ec:8c:a2:08:78:cc,Ariel_University,[ESS],2017-11-07 15:50:00,40,-83,32.10323218,35.20933875,650,14,WIFI
c4:0b:cb:80:23:eb,Redmi,[WPA2-PSK-CCMP][ESS],2017-11-07 16:35:54,6,-71,32.10340108,35.20927671,685,16,WIFI
c4:0b:cb:80:23:eb,Redmi,[WPA2-PSK-CCMP][ESS],1970-01-01 02:00:00,6,-87,32.0337907333349,35.2349569233357,0,18.499885559082,WIFI
1c:b9:c4:16:f1:58,Ariel_University,[ESS],1970-01-01 02:00:00,11,-88,32.0557827216678,35.2268437766683,0,18.499885559082,WIFI
8c:0c:90:6e:16:88,,[WPA2-PSK-CCMP][ESS],1970-01-01 02:00:00,8,-92,32.0667389233342,35.2228018833346,0,18.499885559082,WIFI
1c:b9:c4:16:f4:28,Ariel_University,[ESS],1970-01-01 02:00:00,11,-90,32.0674286600008,35.2225474300012,0,18.499885559082,WIFI
ec:8c:a2:88:78:c7,,[WPA2-PSK-CCMP][ESS],1970-01-01 02:00:00,40,-88,32.0730791950007,35.220462870001,0,18.499885559082,WIFI
1c:b9:c4:16:d2:88,Ariel_University,[ESS],1970-01-01 02:00:00,11,-64,32.0997932266667,35.2106076966668,0,18.499885559082,WIFI
c4:0b:cb:80:23:eb,Redmi,[WPA2-PSK-CCMP][ESS],1970-01-01 02:00:00,6,-60,32.0997932266667,35.2106076966668,0,18.499885559082,WIFI
24:79:2a:2c:3d:68,Ariel_University,[ESS],1970-01-01 02:00:00,11,-71,32.0997932266667,35.2106076966668,0,18.499885559082,WIFI
1c:b9:c4:16:e5:a8,Ariel_University,[ESS],1970-01-01 02:00:00,11,-92,32.0997932266667,35.2106076966668,0,18.499885559082,WIFI
1c:b9:c4:16:d2:8c,Ariel_University,[ESS],1970-01-01 02:00:00,44,-69,32.0999523966667,35.2105489766668,0,18.499885559082,WIFI
1c:b9:c4:16:28:ec,Ariel_University,[ESS],1970-01-01 02:00:00,52,-57,32.0999523966667,35.2105489766668,0,18.499885559082,WIFI
1c:b9:c4:16:28:e8,Ariel_University,[ESS],1970-01-01 02:00:00,1,-57,32.0999523966667,35.2105489766668,0,18.499885559082,WIFI
1c:b9:c4:16:d2:88,Ariel_University,[ESS],1970-01-01 02:00:00,11,-61,32.0999523966667,35.2105489766668,0,18.499885559082,WIFI
c4:0b:cb:80:23:eb,Redmi,[WPA2-PSK-CCMP][ESS],1970-01-01 02:00:00,6,-60,32.0999523966667,35.2105489766668,0,18.499885559082,WIFI
24:79:2a:2c:3d:68,Ariel_University,[ESS],1970-01-01 02:00:00,11,-75,32.0999523966667,35.2105489766668,0,18.499885559082,WIFI
1c:b9:c4:16:e5:a8,Ariel_University,[ESS],1970-01-01 02:00:00,11,-92,32.0999523966667,35.2105489766668,0,18.499885559082,WIFI
1c:b9:c4:96:28:e7,,[WPA2-PSK-CCMP][ESS],1970-01-01 02:00:00,52,-57,32.0999523966667,35.2105489766668,0,18.499885559082,WIFI
24:79:2a:2c:3d:6c,Ariel_University,[ESS],1970-01-01 02:00:00,44,-84,32.0999523966667,35.2105489766668,0,18.499885559082,WIFI
1c:b9:c4:16:d2:8c,Ariel_University,[ESS],1970-01-01 02:00:00,44,-68,32.1001115666667,35.2104902566668,0,18.499885559082,WIFI
1c:b9:c4:16:28:ec,Ariel_University,[ESS],1970-01-01 02:00:00,52,-56,32.1001115666667,35.2104902566668,0,18.499885559082,WIFI
1c:b9:c4:16:28:e8,Ariel_University,[ESS],1970-01-01 02:00:00,1,-58,32.1001115666667,35.2104902566668,0,18.499885559082,WIFI
1c:b9:c4:16:d2:88,Ariel_University,[ESS],1970-01-01 02:00:00,11,-88,32.1001115666667,35.2104902566668,0,18.499885559082,WIFI
c4:0b:cb:80:23:eb,Redmi,[WPA2-PSK-CCMP][ESS],1970-01-01 02:00:00,6,-60,32.1001115666667,35.2104902566668,0,18.499885559082,WIFI
24:79:2a:2c:3d:68,Ariel_University,[ESS],1970-01-01 02:00:00,11,-75,32.1001115666667,35.2104902566668,0,18.499885559082,WIFI
1c:b9:c4:16:e5:a8,Ariel_University,[ESS],1970-01-01 02:00:00,11,-87,32.1001115666667,35.2104902566668,0,18.499885559082,WIFI
1c:b9:c4:96:28:e7,,[WPA2-PSK-CCMP][ESS],1970-01-01 02:00:00,52,-57,32.1001115666667,35.2104902566668,0,18.499885559082,WIFI
24:79:2a:2c:3d:6c,Ariel_University,[ESS],1970-01-01 02:00:00,44,-84,32.1001115666667,35.2104902566668,0,18.499885559082,WIFI
1c:b9:c4:16:d2:8c,Ariel_University,[ESS],1970-01-01 02:00:00,44,-69,32.1002707366667,35.2104315366668,0,18.499885559082,WIFI
1c:b9:c4:16:28:ec,Ariel_University,[ESS],1970-01-01 02:00:00,52,-59,32.1002707366667,35.2104315366668,0,18.499885559082,WIFI
1c:b9:c4:16:28:e8,Ariel_University,[ESS],1970-01-01 02:00:00,1,-57,32.1002707366667,35.2104315366668,0,18.499885559082,WIFI
1c:b9:c4:16:d2:88,Ariel_University,[ESS],1970-01-01 02:00:00,11,-66,32.1002707366667,35.2104315366668,0,18.499885559082,WIFI
24:79:2a:2c:3d:68,Ariel_University,[ESS],1970-01-01 02:00:00,11,-74,32.1002707366667,35.2104315366668,0,18.499885559082,WIFI
1c:b9:c4:16:e5:a8,Ariel_University,[ESS],1970-01-01 02:00:00,11,-87,32.1002707366667,35.2104315366668,0,18.499885559082,WIFI
1c:b9:c4:96:28:e7,,[WPA2-PSK-CCMP][ESS],1970-01-01 02:00:00,52,-59,32.1002707366667,35.2104315366668,0,18.499885559082,WIFI
24:79:2a:2c:3d:6c,Ariel_University,[ESS],1970-01-01 02:00:00,44,-86,32.1002707366667,35.2104315366668,0,18.499885559082,WIFI
24:79:2a:ac:3d:67,,[WPA2-PSK-CCMP][ESS],1970-01-01 02:00:00,44,-86,32.1002707366667,35.2104315366668,0,18.499885559082,WIFI
1c:b9:c4:16:d2:8c,Ariel_University,[ESS],1970-01-01 02:00:00,44,-69,32.1004299066667,35.2103728166668,0,18.499885559082,WIFI
1c:b9:c4:16:28:ec,Ariel_University,[ESS],1970-01-01 02:00:00,52,-55,32.1004299066667,35.2103728166668,0,18.499885559082,WIFI
1c:b9:c4:16:28:e8,Ariel_University,[ESS],1970-01-01 02:00:00,1,-59,32.1004299066667,35.2103728166668,0,18.499885559082,WIFI
1c:b9:c4:16:d2:88,Ariel_University,[ESS],1970-01-01 02:00:00,11,-64,32.1004299066667,35.2103728166668,0,18.499885559082,WIFI
24:79:2a:2c:3d:68,Ariel_University,[ESS],1970-01-01 02:00:00,11,-81,32.1004299066667,35.2103728166668,0,18.499885559082,WIFI
1c:b9:c4:96:28:e7,,[WPA2-PSK-CCMP][ESS],1970-01-01 02:00:00,52,-55,32.1004299066667,35.2103728166668,0,18.499885559082,WIFI
24:79:2a:2c:3d:6c,Ariel_University,[ESS],1970-01-01 02:00:00,44,-86,32.1004299066667,35.2103728166668,0,18.499885559082,WIFI
24:79:2a:ac:3d:67,,[WPA2-PSK-CCMP][ESS],1970-01-01 02:00:00,44,-86,32.1004299066667,35.2103728166668,0,18.499885559082,WIFI
c4:0b:cb:80:23:eb,Redmi,[WPA2-PSK-CCMP][ESS],1970-01-01 02:00:00,6,-60,32.1004299066667,35.2103728166668,0,18.499885559082,WIFI
34:8f:27:20:8c:18,Ariel_University,[ESS],1970-01-01 02:00:00,1,-84,32.1004299066667,35.2103728166668,0,18.499885559082,WIFI
1c:b9:c4:16:d2:8c,Ariel_University,[ESS],1970-01-01 02:00:00,44,-69,32.1005890766667,35.2103140966668,0,18.499885559082,WIFI
1c:b9:c4:16:28:ec,Ariel_University,[ESS],1970-01-01 02:00:00,52,-55,32.1005890766667,35.2103140966668,0,18.499885559082,WIFI
1c:b9:c4:16:28:e8,Ariel_University,[ESS],1970-01-01 02:00:00,1,-54,32.1005890766667,35.2103140966668,0,18.499885559082,WIFI
1c:b9:c4:16:d2:88,Ariel_University,[ESS],1970-01-01 02:00:00,11,-66,32.1005890766667,35.2103140966668,0,18.499885559082,WIFI
24:79:2a:2c:3d:68,Ariel_University,[ESS],1970-01-01 02:00:00,11,-81,32.1005890766667,35.2103140966668,0,18.499885559082,WIFI
1c:b9:c4:96:28:e7,,[WPA2-PSK-CCMP][ESS],1970-01-01 02:00:00,52,-55,32.1005890766667,35.2103140966668,0,18.499885559082,WIFI
c4:0b:cb:80:23:eb,Redmi,[WPA2-PSK-CCMP][ESS],1970-01-01 02:00:00,6,-61,32.1005890766667,35.2103140966668,0,18.499885559082,WIFI
34:8f:27:20:8c:18,Ariel_University,[ESS],1970-01-01 02:00:00,1,-85,32.1005890766667,35.2103140966668,0,18.499885559082,WIFI
ec:8c:a2:08:78:c8,Ariel_University,[ESS],1970-01-01 02:00:00,6,-85,32.1005890766667,35.2103140966668,0,18.499885559082,WIFI
1c:b9:c4:16:d2:8c,Ariel_University,[ESS],1970-01-01 02:00:00,44,-69,32.1007482466667,35.2102553766668,0,18.499885559082,WIFI
1c:b9:c4:16:28:ec,Ariel_University,[ESS],1970-01-01 02:00:00,52,-57,32.1007482466667,35.2102553766668,0,18.499885559082,WIFI
1c:b9:c4:16:28:e8,Ariel_University,[ESS],1970-01-01 02:00:00,1,-56,32.1007482466667,35.2102553766668,0,18.499885559082,WIFI
1c:b9:c4:16:d2:88,Ariel_University,[ESS],1970-01-01 02:00:00,11,-68,32.1007482466667,35.2102553766668,0,18.499885559082,WIFI
24:79:2a:2c:3d:68,Ariel_University,[ESS],1970-01-01 02:00:00,11,-74,32.1007482466667,35.2102553766668,0,18.499885559082,WIFI
1c:b9:c4:96:28:e7,,[WPA2-PSK-CCMP][ESS],1970-01-01 02:00:00,52,-58,32.1007482466667,35.2102553766668,0,18.499885559082,WIFI
c4:0b:cb:80:23:eb,Redmi,[WPA2-PSK-CCMP][ESS],1970-01-01 02:00:00,6,-64,32.1007482466667,35.2102553766668,0,18.499885559082,WIFI
34:8f:27:20:8c:18,Ariel_University,[ESS],1970-01-01 02:00:00,1,-85,32.1007482466667,35.2102553766668,0,18.499885559082,WIFI
ec:8c:a2:08:78:c8,Ariel_University,[ESS],1970-01-01 02:00:00,6,-85,32.1007482466667,35.2102553766668,0,18.499885559082,WIFI
24:79:2a:ac:3d:67,,[WPA2-PSK-CCMP][ESS],1970-01-01 02:00:00,44,-81,32.1007482466667,35.2102553766668,0,18.499885559082,WIFI
24:79:2a:2c:3d:6c,Ariel_University,[ESS],1970-01-01 02:00:00,44,-81,32.1007482466667,35.2102553766668,0,18.499885559082,WIFI
1c:b9:c4:16:d2:8c,Ariel_University,[ESS],1970-01-01 02:00:00,44,-68,32.1009074166667,35.2101966566668,0,18.499885559082,WIFI
1c:b9:c4:16:28:ec,Ariel_University,[ESS],1970-01-01 02:00:00,52,-54,32.1009074166667,35.2101966566668,0,18.499885559082,WIFI
1c:b9:c4:16:28:e8,Ariel_University,[ESS],1970-01-01 02:00:00,1,-55,32.1009074166667,35.2101966566668,0,18.499885559082,WIFI
1c:b9:c4:16:d2:88,Ariel_University,[ESS],1970-01-01 02:00:00,11,-65,32.1009074166667,35.2101966566668,0,18.499885559082,WIFI
24:79:2a:2c:3d:68,Ariel_University,[ESS],1970-01-01 02:00:00,11,-72,32.1009074166667,35.2101966566668,0,18.499885559082,WIFI
1c:b9:c4:96:28:e7,,[WPA2-PSK-CCMP][ESS],1970-01-01 02:00:00,52,-55,32.1009074166667,35.2101966566668,0,18.499885559082,WIFI
c4:0b:cb:80:23:eb,Redmi,[WPA2-PSK-CCMP][ESS],1970-01-01 02:00:00,6,-54,32.1009074166667,35.2101966566668,0,18.499885559082,WIFI
34:8f:27:20:8c:18,Ariel_University,[ESS],1970-01-01 02:00:00,1,-83,32.1009074166667,35.2101966566668,0,18.499885559082,WIFI
24:79:2a:ac:3d:67,,[WPA2-PSK-CCMP][ESS],1970-01-01 02:00:00,44,-81,32.1009074166667,35.2101966566668,0,18.499885559082,WIFI
24:79:2a:2c:3d:6c,Ariel_University,[ESS],1970-01-01 02:00:00,44,-77,32.1009074166667,35.2101966566668,0,18.499885559082,WIFI
1c:b9:c4:16:d2:8c,Ariel_University,[ESS],1970-01-01 02:00:00,44,-67,32.1010665866667,35.2101379366667,0,18.499885559082,WIFI
1c:b9:c4:16:28:ec,Ariel_University,[ESS],1970-01-01 02:00:00,52,-55,32.1010665866667,35.2101379366667,0,18.499885559082,WIFI
1c:b9:c4:16:28:e8,Ariel_University,[ESS],1970-01-01 02:00:00,1,-55,32.1010665866667,35.2101379366667,0,18.499885559082,WIFI
1c:b9:c4:16:d2:88,Ariel_University,[ESS],1970-01-01 02:00:00,11,-64,32.1010665866667,35.2101379366667,0,18.499885559082,WIFI
24:79:2a:2c:3d:68,Ariel_University,[ESS],1970-01-01 02:00:00,11,-72,32.1010665866667,35.2101379366667,0,18.499885559082,WIFI
1c:b9:c4:96:28:e7,,[WPA2-PSK-CCMP][ESS],1970-01-01 02:00:00,52,-55,32.1010665866667,35.2101379366667,0,18.499885559082,WIFI
c4:0b:cb:80:23:eb,Redmi,[WPA2-PSK-CCMP][ESS],1970-01-01 02:00:00,6,-64,32.1010665866667,35.2101379366667,0,18.499885559082,WIFI
34:8f:27:20:8c:18,Ariel_University,[ESS],1970-01-01 02:00:00,1,-83,32.1010665866667,35.2101379366667,0,18.499885559082,WIFI
24:79:2a:2c:3d:6c,Ariel_University,[ESS],1970-01-01 02:00:00,44,-81,32.1010665866667,35.2101379366667,0,18.499885559082,WIFI
1c:b9:c4:16:e5:a8,Ariel_University,[ESS],1970-01-01 02:00:00,11,-88,32.1010665866667,35.2101379366667,0,18.499885559082,WIFI
1c:b9:c4:16:d2:8c,Ariel_University,[ESS],1970-01-01 02:00:00,44,-69,32.1012257566667,35.2100792166667,0,18.499885559082,WIFI
1c:b9:c4:16:28:ec,Ariel_University,[ESS],1970-01-01 02:00:00,52,-56,32.1012257566667,35.2100792166667,0,18.499885559082,WIFI
1c:b9:c4:16:28:e8,Ariel_University,[ESS],1970-01-01 02:00:00,1,-55,32.1012257566667,35.2100792166667,0,18.499885559082,WIFI
1c:b9:c4:16:d2:88,Ariel_University,[ESS],1970-01-01 02:00:00,11,-64,32.1012257566667,35.2100792166667,0,18.499885559082,WIFI
24:79:2a:2c:3d:68,Ariel_University,[ESS],1970-01-01 02:00:00,11,-73,32.1012257566667,35.2100792166667,0,18.499885559082,WIFI
1c:b9:c4:96:28:e7,,[WPA2-PSK-CCMP][ESS],1970-01-01 02:00:00,52,-56,32.1012257566667,35.2100792166667,0,18.499885559082,WIFI
c4:0b:cb:80:23:eb,Redmi,[WPA2-PSK-CCMP][ESS],1970-01-01 02:00:00,6,-61,32.1012257566667,35.2100792166667,0,18.499885559082,WIFI
34:8f:27:20:8c:18,Ariel_University,[ESS],1970-01-01 02:00:00,1,-85,32.1012257566667,35.2100792166667,0,18.499885559082,WIFI
24:79:2a:2c:3d:6c,Ariel_University,[ESS],1970-01-01 02:00:00,44,-83,32.1012257566667,35.2100792166667,0,18.499885559082,WIFI
1c:b9:c4:16:e5:a8,Ariel_University,[ESS],1970-01-01 02:00:00,11,-88,32.1012257566667,35.2100792166667,0,18.499885559082,WIFI
24:79:2a:ac:3d:67,,[WPA2-PSK-CCMP][ESS],1970-01-01 02:00:00,44,-83,32.1012257566667,35.2100792166667,0,18.499885559082,WIFI
1c:b9:c4:16:d2:8c,Ariel_University,[ESS],1970-01-01 02:00:00,44,-68,32.101411455,35.2100107100001,0,18.499885559082,WIFI
1c:b9:c4:16:28:ec,Ariel_University,[ESS],1970-01-01 02:00:00,52,-56,32.101411455,35.2100107100001,0,18.499885559082,WIFI
1c:b9:c4:16:28:e8,Ariel_University,[ESS],1970-01-01 02:00:00,1,-53,32.101411455,35.2100107100001,0,18.499885559082,WIFI
1c:b9:c4:16:d2:88,Ariel_University,[ESS],1970-01-01 02:00:00,11,-63,32.101411455,35.2100107100001,0,18.499885559082,WIFI
24:79:2a:2c:3d:68,Ariel_University,[ESS],1970-01-01 02:00:00,11,-76,32.101411455,35.2100107100001,0,18.499885559082,WIFI
1c:b9:c4:96:28:e7,,[WPA2-PSK-CCMP][ESS],1970-01-01 02:00:00,52,-56,32.101411455,35.2100107100001,0,18.499885559082,WIFI
c4:0b:cb:80:23:eb,Redmi,[WPA2-PSK-CCMP][ESS],1970-01-01 02:00:00,6,-55,32.101411455,35.2100107100001,0,18.499885559082,WIFI
34:8f:27:20:8c:18,Ariel_University,[ESS],1970-01-01 02:00:00,1,-84,32.101411455,35.2100107100001,0,18.499885559082,WIFI
24:79:2a:2c:3d:6c,Ariel_University,[ESS],1970-01-01 02:00:00,44,-84,32.101411455,35.2100107100001,0,18.499885559082,WIFI
1c:b9:c4:16:e5:a8,Ariel_University,[ESS],1970-01-01 02:00:00,11,-89,32.101411455,35.2100107100001,0,18.499885559082,WIFI
24:79:2a:ac:3d:67,,[WPA2-PSK-CCMP][ESS],1970-01-01 02:00:00,44,-83,32.101411455,35.2100107100001,0,18.499885559082,WIFI
1c:b9:c4:16:d2:8c,Ariel_University,[ESS],1970-01-01 02:00:00,44,-68,32.101570625,35.2099519900001,0,18.499885559082,WIFI
1c:b9:c4:16:28:ec,Ariel_University,[ESS],1970-01-01 02:00:00,52,-56,32.101570625,35.2099519900001,0,18.499885559082,WIFI
1c:b9:c4:16:28:e8,Ariel_University,[ESS],1970-01-01 02:00:00,1,-53,32.101570625,35.2099519900001,0,18.499885559082,WIFI
1c:b9:c4:16:d2:88,Ariel_University,[ESS],1970-01-01 02:00:00,11,-67,32.101570625,35.2099519900001,0,18.499885559082,WIFI
24:79:2a:2c:3d:68,Ariel_University,[ESS],1970-01-01 02:00:00,11,-73,32.101570625,35.2099519900001,0,18.499885559082,WIFI
1c:b9:c4:96:28:e7,,[WPA2-PSK-CCMP][ESS],1970-01-01 02:00:00,52,-56,32.101570625,35.2099519900001,0,18.499885559082,WIFI
c4:0b:cb:80:23:eb,Redmi,[WPA2-PSK-CCMP][ESS],1970-01-01 02:00:00,6,-53,32.101570625,35.2099519900001,0,18.499885559082,WIFI
34:8f:27:20:8c:18,Ariel_University,[ESS],1970-01-01 02:00:00,1,-84,32.101570625,35.2099519900001,0,18.499885559082,WIFI
24:79:2a:2c:3d:6c,Ariel_University,[ESS],1970-01-01 02:00:00,44,-80,32.101570625,35.2099519900001,0,18.499885559082,WIFI
1c:b9:c4:16:e5:a8,Ariel_University,[ESS],1970-01-01 02:00:00,11,-90,32.101570625,35.2099519900001,0,18.499885559082,WIFI
1c:b9:c4:16:d2:8c,Ariel_University,[ESS],1970-01-01 02:00:00,44,-71,32.101729795,35.2098932700001,0,18.499885559082,WIFI
1c:b9:c4:16:28:ec,Ariel_University,[ESS],1970-01-01 02:00:00,52,-58,32.101729795,35.2098932700001,0,18.499885559082,WIFI
1c:b9:c4:16:28:e8,Ariel_University,[ESS],1970-01-01 02:00:00,1,-59,32.101729795,35.2098932700001,0,18.499885559082,WIFI
1c:b9:c4:16:d2:88,Ariel_University,[ESS],1970-01-01 02:00:00,11,-69,32.101729795,35.2098932700001,0,18.499885559082,WIFI
24:79:2a:2c:3d:68,Ariel_University,[ESS],1970-01-01 02:00:00,11,-71,32.101729795,35.2098932700001,0,18.499885559082,WIFI
1c:b9:c4:96:28:e7,,[WPA2-PSK-CCMP][ESS],1970-01-01 02:00:00,52,-58,32.101729795,35.2098932700001,0,18.499885559082,WIFI
c4:0b:cb:80:23:eb,Redmi,[WPA2-PSK-CCMP][ESS],1970-01-01 02:00:00,6,-68,32.101729795,35.2098932700001,0,18.499885559082,WIFI
34:8f:27:20:8c:18,Ariel_University,[ESS],1970-01-01 02:00:00,1,-84,32.101729795,35.2098932700001,0,18.499885559082,WIFI
24:79:2a:2c:3d:6c,Ariel_University,[ESS],1970-01-01 02:00:00,44,-80,32.101729795,35.2098932700001,0,18.499885559082,WIFI
1c:b9:c4:16:e5:a8,Ariel_University,[ESS],1970-01-01 02:00:00,11,-90,32.101729795,35.2098932700001,0,18.499885559082,WIFI
1c:b9:c4:16:d2:8c,Ariel_University,[ESS],1970-01-01 02:00:00,44,-72,32.101888965,35.2098345500001,0,18.499885559082,WIFI
1c:b9:c4:16:28:ec,Ariel_University,[ESS],1970-01-01 02:00:00,52,-58,32.101888965,35.2098345500001,0,18.499885559082,WIFI
1c:b9:c4:16:28:e8,Ariel_University,[ESS],1970-01-01 02:00:00,1,-58,32.101888965,35.2098345500001,0,18.499885559082,WIFI
1c:b9:c4:16:d2:88,Ariel_University,[ESS],1970-01-01 02:00:00,11,-66,32.101888965,35.2098345500001,0,18.499885559082,WIFI
24:79:2a:2c:3d:68,Ariel_University,[ESS],1970-01-01 02:00:00,11,-71,32.101888965,35.2098345500001,0,18.499885559082,WIFI
1c:b9:c4:96:28:e7,,[WPA2-PSK-CCMP][ESS],1970-01-01 02:00:00,52,-58,32.101888965,35.2098345500001,0,18.499885559082,WIFI
c4:0b:cb:80:23:eb,Redmi,[WPA2-PSK-CCMP][ESS],1970-01-01 02:00:00,6,-64,32.101888965,35.2098345500001,0,18.499885559082,WIFI
34:8f:27:20:8c:18,Ariel_University,[ESS],1970-01-01 02:00:00,1,-80,32.101888965,35.2098345500001,0,18.499885559082,WIFI
24:79:2a:2c:3d:6c,Ariel_University,[ESS],1970-01-01 02:00:00,44,-80,32.101888965,35.2098345500001,0,18.499885559082,WIFI
ec:8c:a2:08:78:c8,Ariel_University,[ESS],1970-01-01 02:00:00,6,-89,32.101888965,35.2098345500001,0,18.499885559082,WIFI
1c:b9:c4:16:d2:8c,Ariel_University,[ESS],1970-01-01 02:00:00,44,-72,32.1019950783334,35.2097954033334,0,18.499885559082,WIFI
1c:b9:c4:16:28:ec,Ariel_University,[ESS],1970-01-01 02:00:00,52,-56,32.1019950783334,35.2097954033334,0,18.499885559082,WIFI
1c:b9:c4:16:28:e8,Ariel_University,[ESS],1970-01-01 02:00:00,1,-55,32.1019950783334,35.2097954033334,0,18.499885559082,WIFI
1c:b9:c4:16:d2:88,Ariel_University,[ESS],1970-01-01 02:00:00,11,-67,32.1019950783334,35.2097954033334,0,18.499885559082,WIFI
24:79:2a:2c:3d:68,Ariel_University,[ESS],1970-01-01 02:00:00,11,-73,32.1019950783334,35.2097954033334,0,18.499885559082,WIFI
1c:b9:c4:96:28:e7,,[WPA2-PSK-CCMP][ESS],1970-01-01 02:00:00,52,-56,32.1019950783334,35.2097954033334,0,18.499885559082,WIFI
c4:0b:cb:80:23:eb,Redmi,[WPA2-PSK-CCMP][ESS],1970-01-01 02:00:00,6,-59,32.1019950783334,35.2097954033334,0,18.499885559082,WIFI
34:8f:27:20:8c:18,Ariel_University,[ESS],1970-01-01 02:00:00,1,-86,32.1019950783334,35.2097954033334,0,18.499885559082,WIFI
24:79:2a:2c:3d:6c,Ariel_University,[ESS],1970-01-01 02:00:00,44,-85,32.1019950783334,35.2097954033334,0,18.499885559082,WIFI
ec:8c:a2:08:78:c8,Ariel_University,[ESS],1970-01-01 02:00:00,6,-89,32.1019950783334,35.2097954033334,0,18.499885559082,WIFI
24:79:2a:ac:3d:67,,[WPA2-PSK-CCMP][ESS],1970-01-01 02:00:00,44,-85,32.1019950783334,35.2097954033334,0,18.499885559082,WIFI
1c:b9:c4:16:d2:8c,Ariel_University,[ESS],1970-01-01 02:00:00,44,-67,32.10212772,35.20974647,0,18.499885559082,WIFI
1c:b9:c4:16:28:ec,Ariel_University,[ESS],1970-01-01 02:00:00,52,-55,32.10212772,35.20974647,0,18.499885559082,WIFI
1c:b9:c4:16:28:e8,Ariel_University,[ESS],1970-01-01 02:00:00,1,-63,32.10212772,35.20974647,0,18.499885559082,WIFI
1c:b9:c4:16:d2:88,Ariel_University,[ESS],1970-01-01 02:00:00,11,-65,32.10212772,35.20974647,0,18.499885559082,WIFI
24:79:2a:2c:3d:68,Ariel_University,[ESS],1970-01-01 02:00:00,11,-76,32.10212772,35.20974647,0,18.499885559082,WIFI
1c:b9:c4:96:28:e7,,[WPA2-PSK-CCMP][ESS],1970-01-01 02:00:00,52,-56,32.10212772,35.20974647,0,18.499885559082,WIFI
c4:0b:cb:80:23:eb,Redmi,[WPA2-PSK-CCMP][ESS],1970-01-01 02:00:00,6,-53,32.10212772,35.20974647,0,18.499885559082,WIFI
34:8f:27:20:8c:18,Ariel_University,[ESS],1970-01-01 02:00:00,1,-86,32.10212772,35.20974647,0,18.499885559082,WIFI
24:79:2a:2c:3d:6c,Ariel_University,[ESS],1970-01-01 02:00:00,44,-85,32.10212772,35.20974647,0,18.499885559082,WIFI
24:79:2a:ac:3d:67,,[WPA2-PSK-CCMP][ESS],1970-01-01 02:00:00,44,-85,32.10212772,35.20974647,0,18.499885559082,WIFI
ec:8c:a2:08:78:cc,Ariel_University,[ESS],1970-01-01 02:00:00,40,-89,32.10212772,35.20974647,0,18.499885559082,WIFI
1c:b9:c4:16:d2:8c,Ariel_University,[ESS],1970-01-01 02:00:00,44,-63,32.10228689,35.20968775,0,18.499885559082,WIFI
1c:b9:c4:16:28:ec,Ariel_University,[ESS],1970-01-01 02:00:00,52,-54,32.10228689,35.20968775,0,18.499885559082,WIFI
1c:b9:c4:16:28:e8,Ariel_University,[ESS],1970-01-01 02:00:00,1,-51,32.10228689,35.20968775,0,18.499885559082,WIFI
1c:b9:c4:16:d2:88,Ariel_University,[ESS],1970-01-01 02:00:00,11,-62,32.10228689,35.20968775,0,18.499885559082,WIFI
24:79:2a:2c:3d:68,Ariel_University,[ESS],1970-01-01 02:00:00,11,-75,32.10228689,35.20968775,0,18.499885559082,WIFI
1c:b9:c4:96:28:e7,,[WPA2-PSK-CCMP][ESS],1970-01-01 02:00:00,52,-54,32.10228689,35.20968775,0,18.499885559082,WIFI
c4:0b:cb:80:23:eb,Redmi,[WPA2-PSK-CCMP][ESS],1970-01-01 02:00:00,6,-59,32.10228689,35.20968775,0,18.499885559082,WIFI
24:79:2a:2c:3d:6c,Ariel_University,[ESS],1970-01-01 02:00:00,44,-83,32.10228689,35.20968775,0,18.499885559082,WIFI
ec:8c:a2:08:78:cc,Ariel_University,[ESS],1970-01-01 02:00:00,40,-88,32.10228689,35.20968775,0,18.499885559082,WIFI
1c:b9:c4:16:e5:a8,Ariel_University,[ESS],1970-01-01 02:00:00,11,-87,32.10228689,35.20968775,0,18.499885559082,WIFI
1c:b9:c4:16:d2:8c,Ariel_University,[ESS],1970-01-01 02:00:00,44,-54,32.10244606,35.20962903,0,18.499885559082,WIFI
1c:b9:c4:16:28:ec,Ariel_University,[ESS],1970-01-01 02:00:00,52,-49,32.10244606,35.20962903,0,18.499885559082,WIFI
1c:b9:c4:16:28:e8,Ariel_University,[ESS],1970-01-01 02:00:00,1,-47,32.10244606,35.20962903,0,18.499885559082,WIFI
1c:b9:c4:16:d2:88,Ariel_University,[ESS],1970-01-01 02:00:00,11,-88,32.10244606,35.20962903,0,18.499885559082,WIFI
24:79:2a:2c:3d:68,Ariel_University,[ESS],1970-01-01 02:00:00,11,-71,32.10244606,35.20962903,0,18.499885559082,WIFI
1c:b9:c4:96:28:e7,,[WPA2-PSK-CCMP][ESS],1970-01-01 02:00:00,52,-49,32.10244606,35.20962903,0,18.499885559082,WIFI
c4:0b:cb:80:23:eb,Redmi,[WPA2-PSK-CCMP][ESS],1970-01-01 02:00:00,6,-54,32.10244606,35.20962903,0,18.499885559082,WIFI
24:79:2a:2c:3d:6c,Ariel_University,[ESS],1970-01-01 02:00:00,44,-76,32.10244606,35.20962903,0,18.499885559082,WIFI
ec:8c:a2:08:78:cc,Ariel_University,[ESS],1970-01-01 02:00:00,40,-88,32.10244606,35.20962903,0,18.499885559082,WIFI
1c:b9:c4:16:e5:a8,Ariel_University,[ESS],1970-01-01 02:00:00,11,-90,32.10244606,35.20962903,0,18.499885559082,WIFI
1c:b9:c4:96:d2:87,,[WPA2-PSK-CCMP][ESS],1970-01-01 02:00:00,44,-56,32.10244606,35.20962903,0,18.499885559082,WIFI
8c:0c:90:ae:16:83,,[WPA2-PSK-CCMP][ESS],1970-01-01 02:00:00,8,-89,32.10244606,35.20962903,0,18.499885559082,WIFI
8c:0c:90:6e:16:88,,[WPA2-PSK-CCMP][ESS],1970-01-01 02:00:00,8,-92,32.10244606,35.20962903,0,18.499885559082,WIFI
1c:b9:c4:12:90:b8,Ariel_University,[ESS],1970-01-01 02:00:00,11,-87,32.10244606,35.20962903,0,18.499885559082,WIFI
1c:b9:c4:16:d2:8c,Ariel_University,[ESS],1970-01-01 02:00:00,44,-58,32.10260523,35.20957031,0,18.499885559082,WIFI
1c:b9:c4:16:28:ec,Ariel_University,[ESS],1970-01-01 02:00:00,52,-40,32.10260523,35.20957031,0,18.499885559082,WIFI
1c:b9:c4:16:28:e8,Ariel_University,[ESS],1970-01-01 02:00:00,1,-40,32.10260523,35.20957031,0,18.499885559082,WIFI
1c:b9:c4:16:d2:88,Ariel_University,[ESS],1970-01-01 02:00:00,11,-60,32.10260523,35.20957031,0,18.499885559082,WIFI
24:79:2a:2c:3d:68,Ariel_University,[ESS],1970-01-01 02:00:00,11,-73,32.10260523,35.20957031,0,18.499885559082,WIFI
1c:b9:c4:96:28:e7,,[WPA2-PSK-CCMP][ESS],1970-01-01 02:00:00,52,-49,32.10260523,35.20957031,0,18.499885559082,WIFI
c4:0b:cb:80:23:eb,Redmi,[WPA2-PSK-CCMP][ESS],1970-01-01 02:00:00,6,-54,32.10260523,35.20957031,0,18.499885559082,WIFI
24:79:2a:2c:3d:6c,Ariel_University,[ESS],1970-01-01 02:00:00,44,-80,32.10260523,35.20957031,0,18.499885559082,WIFI
1c:b9:c4:16:e5:a8,Ariel_University,[ESS],1970-01-01 02:00:00,11,-90,32.10260523,35.20957031,0,18.499885559082,WIFI
1c:b9:c4:96:d2:87,,[WPA2-PSK-CCMP][ESS],1970-01-01 02:00:00,44,-56,32.10260523,35.20957031,0,18.499885559082,WIFI
8c:0c:90:ae:16:83,,[WPA2-PSK-CCMP][ESS],1970-01-01 02:00:00,8,-89,32.10260523,35.20957031,0,18.499885559082,WIFI
8c:0c:90:6e:16:88,,[WPA2-PSK-CCMP][ESS],1970-01-01 02:00:00,8,-92,32.10260523,35.20957031,0,18.499885559082,WIFI
1c:b9:c4:12:90:b8,Ariel_University,[ESS],1970-01-01 02:00:00,11,-87,32.10260523,35.20957031,0,18.499885559082,WIFI
1c:b9:c4:16:d2:8c,Ariel_University,[ESS],1970-01-01 02:00:00,44,-52,32.1027644,35.20951159,0,18.499885559082,WIFI
1c:b9:c4:16:28:ec,Ariel_University,[ESS],1970-01-01 02:00:00,52,-46,32.1027644,35.20951159,0,18.499885559082,WIFI
1c:b9:c4:16:28:e8,Ariel_University,[ESS],1970-01-01 02:00:00,1,-50,32.1027644,35.20951159,0,18.499885559082,WIFI
1c:b9:c4:16:d2:88,Ariel_University,[ESS],1970-01-01 02:00:00,11,-52,32.1027644,35.20951159,0,18.499885559082,WIFI
24:79:2a:2c:3d:68,Ariel_University,[ESS],1970-01-01 02:00:00,11,-68,32.1027644,35.20951159,0,18.499885559082,WIFI
1c:b9:c4:96:28:e7,,[WPA2-PSK-CCMP][ESS],1970-01-01 02:00:00,52,-46,32.1027644,35.20951159,0,18.499885559082,WIFI
c4:0b:cb:80:23:eb,Redmi,[WPA2-PSK-CCMP][ESS],1970-01-01 02:00:00,6,-52,32.1027644,35.20951159,0,18.499885559082,WIFI
24:79:2a:2c:3d:6c,Ariel_University,[ESS],1970-01-01 02:00:00,44,-73,32.1027644,35.20951159,0,18.499885559082,WIFI
1c:b9:c4:16:d2:8c,Ariel_University,[ESS],1970-01-01 02:00:00,44,-40,32.10292357,35.20945287,0,18.499885559082,WIFI
1c:b9:c4:16:28:ec,Ariel_University,[ESS],1970-01-01 02:00:00,52,-61,32.10292357,35.20945287,0,18.499885559082,WIFI
1c:b9:c4:16:28:e8,Ariel_University,[ESS],1970-01-01 02:00:00,1,-63,32.10292357,35.20945287,0,18.499885559082,WIFI
1c:b9:c4:16:d2:88,Ariel_University,[ESS],1970-01-01 02:00:00,11,-42,32.10292357,35.20945287,0,18.499885559082,WIFI
24:79:2a:2c:3d:68,Ariel_University,[ESS],1970-01-01 02:00:00,11,-81,32.10292357,35.20945287,0,18.499885559082,WIFI
1c:b9:c4:96:28:e7,,[WPA2-PSK-CCMP][ESS],1970-01-01 02:00:00,52,-61,32.10292357,35.20945287,0,18.499885559082,WIFI
c4:0b:cb:80:23:eb,Redmi,[WPA2-PSK-CCMP][ESS],1970-01-01 02:00:00,6,-65,32.10292357,35.20945287,0,18.499885559082,WIFI
24:79:2a:2c:3d:6c,Ariel_University,[ESS],1970-01-01 02:00:00,44,-73,32.10292357,35.20945287,0,18.499885559082,WIFI
1c:b9:c4:96:d2:87,,[WPA2-PSK-CCMP][ESS],1970-01-01 02:00:00,44,-40,32.10292357,35.20945287,0,18.499885559082,WIFI
34:8f:27:20:8c:18,Ariel_University,[ESS],1970-01-01 02:00:00,1,-75,32.10292357,35.20945287,0,18.499885559082,WIFI
34:8f:27:20:8c:1c,Ariel_University,[ESS],1970-01-01 02:00:00,36,-88,32.10292357,35.20945287,0,18.499885559082,WIFI
1c:b9:c4:16:d2:8c,Ariel_University,[ESS],1970-01-01 02:00:00,44,-41,32.10308274,35.20939415,0,18.499885559082,WIFI
1c:b9:c4:16:28:ec,Ariel_University,[ESS],1970-01-01 02:00:00,52,-66,32.10308274,35.20939415,0,18.499885559082,WIFI
1c:b9:c4:16:28:e8,Ariel_University,[ESS],1970-01-01 02:00:00,1,-63,32.10308274,35.20939415,0,18.499885559082,WIFI
1c:b9:c4:16:d2:88,Ariel_University,[ESS],1970-01-01 02:00:00,11,-45,32.10308274,35.20939415,0,18.499885559082,WIFI
24:79:2a:2c:3d:68,Ariel_University,[ESS],1970-01-01 02:00:00,11,-87,32.10308274,35.20939415,0,18.499885559082,WIFI
1c:b9:c4:96:28:e7,,[WPA2-PSK-CCMP][ESS],1970-01-01 02:00:00,52,-61,32.10308274,35.20939415,0,18.499885559082,WIFI
c4:0b:cb:80:23:eb,Redmi,[WPA2-PSK-CCMP][ESS],1970-01-01 02:00:00,6,-63,32.10308274,35.20939415,0,18.499885559082,WIFI
1c:b9:c4:96:d2:87,,[WPA2-PSK-CCMP][ESS],1970-01-01 02:00:00,44,-40,32.10308274,35.20939415,0,18.499885559082,WIFI
34:8f:27:20:8c:18,Ariel_University,[ESS],1970-01-01 02:00:00,1,-76,32.10308274,35.20939415,0,18.499885559082,WIFI
34:8f:27:20:8c:1c,Ariel_University,[ESS],1970-01-01 02:00:00,36,-86,32.10308274,35.20939415,0,18.499885559082,WIFI
1c:b9:c4:16:d2:8c,Ariel_University,[ESS],1970-01-01 02:00:00,44,-52,32.10324191,35.20933543,0,18.499885559082,WIFI
1c:b9:c4:16:28:ec,Ariel_University,[ESS],1970-01-01 02:00:00,52,-74,32.10324191,35.20933543,0,18.499885559082,WIFI
1c:b9:c4:16:28:e8,Ariel_University,[ESS],1970-01-01 02:00:00,1,-71,32.10324191,35.20933543,0,18.499885559082,WIFI
1c:b9:c4:16:d2:88,Ariel_University,[ESS],1970-01-01 02:00:00,11,-53,32.10324191,35.20933543,0,18.499885559082,WIFI
24:79:2a:2c:3d:68,Ariel_University,[ESS],1970-01-01 02:00:00,11,-87,32.10324191,35.20933543,0,18.499885559082,WIFI
1c:b9:c4:96:28:e7,,[WPA2-PSK-CCMP][ESS],1970-01-01 02:00:00,52,-74,32.10324191,35.20933543,0,18.499885559082,WIFI
c4:0b:cb:80:23:eb,Redmi,[WPA2-PSK-CCMP][ESS],1970-01-01 02:00:00,6,-71,32.10324191,35.20933543,0,18.499885559082,WIFI
34:8f:27:20:8c:18,Ariel_University,[ESS],1970-01-01 02:00:00,1,-76,32.10324191,35.20933543,0,18.499885559082,WIFI
34:8f:27:20:8c:1c,Ariel_University,[ESS],1970-01-01 02:00:00,36,-86,32.10324191,35.20933543,0,18.499885559082,WIFI
1c:b9:c4:16:d2:8c,Ariel_University,[ESS],2017-11-07 16:36:00,44,-80,32.10336432,35.20922654,683,13,WIFI
1c:b9:c4:16:28:e8,Ariel_University,[ESS],2017-11-07 16:36:00,1,-87,32.10336432,35.20922654,683,13,WIFI
1c:b9:c4:16:d2:88,Ariel_University,[ESS],2017-11-07 16:36:00,11,-79,32.10336432,35.20922654,683,13,WIFI
24:79:2a:2c:3d:68,Ariel_University,[ESS],2017-11-07 16:36:00,11,-84,32.10336432,35.20922654,683,13,WIFI
c4:0b:cb:80:23:eb,Redmi,[WPA2-PSK-CCMP][ESS],2017-11-07 16:36:00,6,-89,32.10336432,35.20922654,683,13,WIFI
34:8f:27:20:8c:18,Ariel_University,[ESS],2017-11-07 16:36:00,1,-87,32.10336432,35.20922654,683,13,WIFI
34:8f:27:20:8c:1c,Ariel_University,[ESS],2017-11-07 16:36:00,36,-81,32.10336432,35.20922654,683,13,WIFI
24:79:2a:2c:3d:6c,Ariel_University,[ESS],2017-11-07 16:36:00,44,-83,32.10336432,35.20922654,683,13,WIFI
ec:8c:a2:08:94:1c,Ariel_University,[ESS],2017-11-07 16:36:00,40,-87,32.10336432,35.20922654,683,13,WIFI
ec:8c:a2:08:94:18,Ariel_University,[ESS],2017-11-07 16:36:00,1,-84,32.10336432,35.20922654,683,13,WIFI
34:8f:27:20:8c:18,Ariel_University,[ESS],2017-11-07 16:36:05,1,-76,32.10337082,35.20923012,682,16,WIFI
1c:b9:c4:12:7c:c8,Ariel_University,[ESS],2017-11-07 16:36:05,11,-85,32.10337082,35.20923012,682,16,WIFI
ec:8c:a2:08:94:1c,Ariel_University,[ESS],2017-11-07 16:36:28,40,-74,32.10340027,35.20921522,683,16,WIFI
ec:8c:a2:08:94:18,Ariel_University,[ESS],2017-11-07 16:36:28,1,-73,32.10340027,35.20921522,683,16,WIFI
ec:8c:a2:08:78:cc,Ariel_University,[ESS],2017-11-07 16:36:28,40,-62,32.10340027,35.20921522,683,16,WIFI
ec:8c:a2:08:78:c8,Ariel_University,[ESS],2017-11-07 16:36:28,6,-63,32.10340027,35.20921522,683,16,WIFI
1c:b9:c4:16:28:ec,Ariel_University,[ESS],2017-11-07 16:36:28,52,-85,32.10340027,35.20921522,683,16,WIFI
1c:b9:c4:16:13:08,Ariel_University,[ESS],2017-11-07 16:36:28,11,-86,32.10340027,35.20921522,683,16,WIFI
ec:8c:a2:08:78:c8,Ariel_University,[ESS],2017-11-07 16:36:36,6,-56,32.10351766,35.20926522,686,15,WIFI
1c:b9:c4:16:13:08,Ariel_University,[ESS],2017-11-07 16:36:36,11,-68,32.10351766,35.20926522,686,15,WIFI
ec:8c:a2:88:94:17,,[WPA2-PSK-CCMP][ESS],2017-11-07 16:36:36,40,-76,32.10351766,35.20926522,686,15,WIFI
fc:3f:db:9c:43:33,DIRECT-32-HP DeskJet 3630 series,[WPA2-PSK-CCMP][ESS],2017-11-07 16:36:36,6,-85,32.10351766,35.20926522,686,15,WIFI
1c:b9:c4:16:13:0c,Ariel_University,[ESS],2017-11-07 16:36:36,44,-69,32.10351766,35.20926522,686,15,WIFI
1c:b9:c4:16:28:e8,Ariel_University,[ESS],2017-11-07 16:36:36,1,-76,32.10351766,35.20926522,686,15,WIFI
1c:b9:c4:16:f1:58,Ariel_University,[ESS],2017-11-07 16:36:36,11,-88,32.10351766,35.20926522,686,15,WIFI
1c:b9:c4:16:e5:a8,Ariel_University,[ESS],2017-11-07 16:36:36,11,-90,32.10351766,35.20926522,686,15,WIFI
1c:b9:c4:16:28:ec,Ariel_University,[ESS],2017-11-07 16:36:41,52,-80,32.10352494,35.20924887,690,13,WIFI
1c:b9:c4:16:13:0c,Ariel_University,[ESS],2017-11-07 16:36:41,44,-62,32.10352494,35.20924887,690,13,WIFI
1c:b9:c4:96:28:e7,,[WPA2-PSK-CCMP][ESS],2017-11-07 16:36:41,52,-80,32.10352494,35.20924887,690,13,WIFI
1c:b9:c4:16:13:08,Ariel_University,[ESS],2017-11-07 16:36:47,11,-50,32.10357187,35.20926382,692,13,WIFI
fc:3f:db:9c:43:33,DIRECT-32-HP DeskJet 3630 series,[WPA2-PSK-CCMP][ESS],2017-11-07 16:36:47,6,-69,32.10357187,35.20926382,692,13,WIFI
8c:0c:90:2e:16:88,Ariel_University,[ESS],2017-11-07 16:36:51,8,-76,32.10361224,35.20931186,693,14,WIFI
30:e1:71:0d:e0:63,DIRECT-61-HP DeskJet 3630 series,[WPA2-PSK-CCMP][ESS],2017-11-07 16:36:54,6,-81,32.10362199,35.20935268,692,16,WIFI
8c:0c:90:ae:16:83,,[WPA2-PSK-CCMP][ESS],2017-11-07 16:36:54,8,-82,32.10362199,35.20935268,692,16,WIFI
8c:0c:90:6e:16:88,,[WPA2-PSK-CCMP][ESS],2017-11-07 16:36:54,8,-82,32.10362199,35.20935268,692,16,WIFI
1c:b9:c4:16:12:ec,Ariel_University,[ESS],2017-11-07 16:36:54,36,-85,32.10362199,35.20935268,692,16,WIFI
1c:b9:c4:16:12:e8,Ariel_University,[ESS],2017-11-07 16:36:54,11,-83,32.10362199,35.20935268,692,16,WIFI
1c:b9:c4:16:12:ec,Ariel_University,[ESS],2017-11-07 16:37:01,36,-68,32.10365343,35.2094571,692,18,WIFI
1c:b9:c4:16:12:e8,Ariel_University,[ESS],2017-11-07 16:37:01,11,-71,32.10365343,35.2094571,692,18,WIFI
1c:b9:c4:96:12:e7,,[WPA2-PSK-CCMP][ESS],2017-11-07 16:37:01,36,-70,32.10365343,35.2094571,692,18,WIFI
1c:b9:c4:16:12:ec,Ariel_University,[ESS],2017-11-07 16:37:01,36,-60,32.10365343,35.2094571,692,18,WIFI
1c:b9:c4:16:12:e8,Ariel_University,[ESS],2017-11-07 16:37:01,11,-65,32.10365343,35.2094571,692,18,WIFI
1c:b9:c4:15:0f:38,Ariel_University,[ESS],2017-11-07 16:37:01,1,-90,32.10365343,35.2094571,692,18,WIFI
a0:8c:fd:0a:24:56,DIRECT-13-HP DeskJet 3630 series,[WPA2-PSK-CCMP][ESS],2017-11-07 16:37:20,6,-86,32.10367277,35.20957627,692,12,WIFI
1c:b9:c4:15:ed:b8,IT-MNG,[WPA2-PSK-CCMP+TKIP][ESS],2017-11-07 16:37:20,1,-87,32.10367277,35.20957627,692,12,WIFI
1c:b9:c4:16:ed:48,Ariel_University,[ESS],2017-11-07 16:37:20,6,-83,32.10367277,35.20957627,692,12,WIFI
1c:b9:c4:16:ed:4c,Ariel_University,[ESS],2017-11-07 16:37:20,36,-91,32.10367277,35.20957627,692,12,WIFI
1c:b9:c4:16:06:b8,Ariel_University,[ESS],2017-11-07 16:37:20,1,-91,32.10367277,35.20957627,692,12,WIFI
1c:b9:c4:15:ed:b8,IT-MNG,[WPA2-PSK-CCMP+TKIP][ESS],2017-11-07 16:37:24,1,-77,32.10370551,35.20960778,698,8,WIFI
1c:b9:c4:16:ed:48,Ariel_University,[ESS],2017-11-07 16:37:24,6,-73,32.10370551,35.20960778,698,8,WIFI
1c:b9:c4:16:ed:4c,Ariel_University,[ESS],2017-11-07 16:37:24,36,-78,32.10370551,35.20960778,698,8,WIFI
1c:b9:c4:16:06:b8,Ariel_University,[ESS],2017-11-07 16:37:24,1,-83,32.10370551,35.20960778,698,8,WIFI
1c:b9:c4:95:ed:b7,,[WPA2-PSK-CCMP][ESS],2017-11-07 16:37:24,48,-70,32.10370551,35.20960778,698,8,WIFI
1c:b9:c4:15:ed:bc,IT-MNG,[WPA2-PSK-CCMP+TKIP][ESS],2017-11-07 16:37:24,48,-70,32.10370551,35.20960778,698,8,WIFI
3c:52:82:ef:d4:52,DIRECT-51-HP DeskJet 3630 series,[WPA2-PSK-CCMP][ESS],2017-11-07 16:37:24,6,-84,32.10370551,35.20960778,698,8,WIFI
1c:b9:c4:16:06:bc,Ariel_University,[ESS],2017-11-07 16:37:24,36,-85,32.10370551,35.20960778,698,8,WIFI
a0:8c:fd:0a:24:56,DIRECT-13-HP DeskJet 3630 series,[WPA2-PSK-CCMP][ESS],2017-11-07 16:37:27,6,-80,32.10372606,35.20963847,698,6,WIFI
1c:b9:c4:15:ed:b8,IT-MNG,[WPA2-PSK-CCMP+TKIP][ESS],2017-11-07 16:37:27,1,-63,32.10372606,35.20963847,698,6,WIFI
1c:b9:c4:15:1c:bc,Ariel_University,[ESS],2017-11-07 16:37:27,36,-85,32.10372606,35.20963847,698,6,WIFI
1c:b9:c4:15:1c:b8,Ariel_University,[ESS],2017-11-07 16:37:27,1,-85,32.10372606,35.20963847,698,6,WIFI
1c:b9:c4:16:ed:48,Ariel_University,[ESS],2017-11-07 16:37:33,6,-63,32.10375149,35.20973538,701,6,WIFI
1c:b9:c4:16:ed:4c,Ariel_University,[ESS],2017-11-07 16:37:33,36,-65,32.10375149,35.20973538,701,6,WIFI
1c:b9:c4:16:06:b8,Ariel_University,[ESS],2017-11-07 16:37:33,1,-74,32.10375149,35.20973538,701,6,WIFI
1c:b9:c4:15:ed:bc,IT-MNG,[WPA2-PSK-CCMP+TKIP][ESS],2017-11-07 16:37:33,48,-61,32.10375149,35.20973538,701,6,WIFI
1c:b9:c4:16:06:bc,Ariel_University,[ESS],2017-11-07 16:37:33,36,-80,32.10375149,35.20973538,701,6,WIFI
1c:b9:c4:96:ed:47,,[WPA2-PSK-CCMP][ESS],2017-11-07 16:37:37,36,-80,32.10375961,35.20979334,701,5,WIFI
3c:52:82:ef:a4:8b,DIRECT-8A-HP DeskJet 3630 series,[WPA2-PSK-CCMP][ESS],2017-11-07 16:37:41,6,-78,32.10379879,35.209831,704,4,WIFI
24:79:2a:2c:5b:d8,Ariel_University,[ESS],2017-11-07 16:37:41,1,-81,32.10379879,35.209831,704,4,WIFI
1c:b9:c4:16:1d:7c,Ariel_University,[ESS],2017-11-07 16:37:41,44,-89,32.10379879,35.209831,704,4,WIFI
1c:b9:c4:16:e5:ac,Ariel_University,[ESS],2017-11-07 16:37:41,52,-90,32.10379879,35.209831,704,4,WIFI
24:79:2a:2b:07:b8,Ariel_University,[ESS],2017-11-07 16:37:41,11,-87,32.10379879,35.209831,704,4,WIFI
10:0d:7f:99:32:5e,Bezeq-n_325E,[WPS][ESS],2017-11-07 16:37:41,11,-88,32.10379879,35.209831,704,4,WIFI
1c:b9:c4:16:1d:78,Ariel_University,[ESS],2017-11-07 16:37:41,11,-89,32.10379879,35.209831,704,4,WIFI
1c:b9:c4:16:06:b8,Ariel_University,[ESS],2017-11-07 16:37:45,1,-68,32.10382447,35.20987842,703,4,WIFI
58:70:c6:f5:85:bb,YICarCam_f585bb,[WPA2-PSK-CCMP][WPS][ESS],2017-11-07 16:37:45,7,-73,32.10382447,35.20987842,703,4,WIFI
60:e3:27:7b:e0:98,HelpDesk,[WPA-PSK-CCMP+TKIP][WPA2-PSK-CCMP+TKIP][WPS][ESS],2017-11-07 16:37:45,4,-88,32.10382447,35.20987842,703,4,WIFI
1c:b9:c4:15:fd:4c,Ariel_University,[ESS],2017-11-07 16:37:45,44,-90,32.10382447,35.20987842,703,4,WIFI
24:79:2a:2b:07:b8,Ariel_University,[ESS],2017-11-07 16:37:49,11,-80,32.10386403,35.20990656,705,4,WIFI
1c:b9:c4:16:1d:78,Ariel_University,[ESS],2017-11-07 16:37:49,11,-82,32.10386403,35.20990656,705,4,WIFI
1c:b9:c4:16:06:bc,Ariel_University,[ESS],2017-11-07 16:37:49,36,-68,32.10386403,35.20990656,705,4,WIFI
24:79:2a:2c:5b:dc,Ariel_University,[ESS],2017-11-07 16:37:49,36,-87,32.10386403,35.20990656,705,4,WIFI
24:79:2a:2b:bd:88,Ariel_University,[ESS],2017-11-07 16:37:49,11,-89,32.10386403,35.20990656,705,4,WIFI
1c:b9:c4:15:fd:48,Ariel_University,[ESS],2017-11-07 16:37:49,1,-90,32.10386403,35.20990656,705,4,WIFI
3c:52:82:ef:a4:8b,DIRECT-8A-HP DeskJet 3630 series,[WPA2-PSK-CCMP][ESS],2017-11-07 16:37:55,6,-70,32.10392389,35.2099147,709,3,WIFI
24:79:2a:2b:07:b8,Ariel_University,[ESS],2017-11-07 16:37:55,11,-74,32.10392389,35.2099147,709,3,WIFI
00:1d:aa:81:d8:3c,KCG-ADSL,[WPA2-PSK-CCMP][WPS][ESS],2017-11-07 16:37:55,3,-88,32.10392389,35.2099147,709,3,WIFI
24:79:2a:2b:07:bc,Ariel_University,[ESS],2017-11-07 16:37:55,36,-80,32.10392389,35.2099147,709,3,WIFI
24:79:2a:2c:5c:18,Ariel_University,[ESS],2017-11-07 16:37:55,11,-84,32.10392389,35.2099147,709,3,WIFI
1c:b9:c4:16:06:b8,Ariel_University,[ESS],2017-11-07 16:38:02,1,-59,32.10398031,35.20997699,709,8,WIFI
3c:52:82:ef:a4:8b,DIRECT-8A-HP DeskJet 3630 series,[WPA2-PSK-CCMP][ESS],2017-11-07 16:38:02,6,-64,32.10398031,35.20997699,709,8,WIFI
24:79:2a:2b:07:b8,Ariel_University,[ESS],2017-11-07 16:38:02,11,-66,32.10398031,35.20997699,709,8,WIFI
24:79:2a:2c:5c:1c,Ariel_University,[ESS],2017-11-07 16:38:02,36,-87,32.10398031,35.20997699,709,8,WIFI
58:70:c6:f5:85:bb,YICarCam_f585bb,[WPA2-PSK-CCMP][WPS][ESS],2017-11-07 16:38:07,7,-66,32.10397286,35.2100233,710,7,WIFI
24:79:2a:2c:5c:18,Ariel_University,[ESS],2017-11-07 16:38:07,11,-73,32.10397286,35.2100233,710,7,WIFI
24:79:2a:2c:5c:1c,Ariel_University,[ESS],2017-11-07 16:38:07,36,-77,32.10397286,35.2100233,710,7,WIFI
30:e1:71:0d:e0:67,DIRECT-66-HP DeskJet 3630 series,[WPA2-PSK-CCMP][ESS],2017-11-07 16:38:07,6,-89,32.10397286,35.2100233,710,7,WIFI
24:79:2a:2b:07:bc,Ariel_University,[ESS],2017-11-07 16:38:14,36,-68,32.10397684,35.21003986,714,7,WIFI
24:79:2a:ab:07:b7,,[WPA2-PSK-CCMP][ESS],2017-11-07 16:38:14,36,-75,32.10397684,35.21003986,714,7,WIFI
24:79:2a:ab:bd:87,,[WPA2-PSK-CCMP][ESS],2017-11-07 16:38:14,44,-87,32.10397684,35.21003986,714,7,WIFI
24:79:2a:2b:bd:8c,Ariel_University,[ESS],2017-11-07 16:38:14,44,-87,32.10397684,35.21003986,714,7,WIFI
24:79:2a:2c:5c:18,Ariel_University,[ESS],2017-11-07 16:38:18,11,-66,32.10397099,35.21005061,716,9,WIFI
24:79:2a:2c:5c:1c,Ariel_University,[ESS],2017-11-07 16:38:18,36,-71,32.10397099,35.21005061,716,9,WIFI
24:79:2a:2c:5c:1c,Ariel_University,[ESS],2017-11-07 16:38:24,36,-66,32.10397261,35.21006123,715,5,WIFI
24:79:2a:2b:bd:8c,Ariel_University,[ESS],2017-11-07 16:38:29,44,-82,32.10396651,35.21008354,716,5,WIFI
1c:b9:c4:96:06:b7,,[WPA2-PSK-CCMP][ESS],2017-11-07 16:38:29,36,-75,32.10396651,35.21008354,716,5,WIFI
24:79:2a:2b:bd:88,Ariel_University,[ESS],2017-11-07 16:38:29,11,-77,32.10396651,35.21008354,716,5,WIFI
1c:b9:c4:16:ed:3c,Ariel_University,[ESS],2017-11-07 16:38:29,44,-90,32.10396651,35.21008354,716,5,WIFI
60:e3:27:7b:e0:98,HelpDesk,[WPA-PSK-CCMP+TKIP][WPA2-PSK-CCMP+TKIP][WPS][ESS],2017-11-07 16:38:36,4,-83,32.10388306,35.21016085,708,3,WIFI
24:79:2a:2b:bd:8c,Ariel_University,[ESS],2017-11-07 16:38:41,44,-76,32.10384327,35.21023422,706,4,WIFI
42501_7211_3084804,012 Mobile,UNKNOWN;il,2017-11-07 16:39:12,0,-113,32.10385561,35.21030065,707,4,GSM
ac:37:43:4a:02:e0,shazz2,[WPA2-PSK-CCMP][ESS],2017-11-07 16:39:21,6,-92,32.10408434,35.21084895,705,4,WIFI
8c:0c:90:2e:e8:18,Ariel_University,[ESS],2017-11-07 16:39:21,6,-79,32.10408434,35.21084895,705,4,WIFI
42501_7211_3084801,012 Mobile,UNKNOWN;il,2017-11-07 16:39:21,0,-113,32.10408434,35.21084895,705,4,GSM
1c:b9:c4:15:44:88,Ariel_University,[ESS],2017-11-07 16:39:48,6,-91,32.10504917,35.21182822,699,5,WIFI
42501_7211_3084801,012 Mobile,UNKNOWN;il,2017-11-07 16:39:52,0,-113,32.10523743,35.21193684,695,3,GSM
1c:b9:c4:15:fd:e8,IT-MNG,[WPA2-PSK-CCMP+TKIP][ESS],2017-11-07 16:39:58,6,-90,32.1056504,35.21208279,694,5,WIFI
1c:b9:c4:55:fd:e8,Ariel_University,[ESS],2017-11-07 16:39:58,6,-89,32.1056504,35.21208279,694,5,WIFI
00:27:19:13:fc:a4,KCG_20,[ESS],2017-11-07 16:39:58,11,-92,32.1056504,35.21208279,694,5,WIFI
1c:b9:c4:16:cd:1c,Ariel_University,[ESS],2017-11-07 16:40:01,36,-86,32.10591602,35.21219838,694,5,WIFI
00:1a:dd:e3:06:04,afikim-wifi,[ESS],2017-11-07 16:40:19,1,-87,32.10596009,35.21078653,692,3,WIFI
42501_7211_3084801,012 Mobile,UNKNOWN;il,2017-11-07 16:40:19,0,-113,32.10596009,35.21078653,692,3,GSM
1c:b9:c4:15:44:58,Ariel_University,[ESS],2017-11-07 16:40:25,11,-90,32.10580937,35.2101997,688,4,WIFI
08:97:58:33:88:de,MiFi_24873125,[WPA-PSK-CCMP][WPS][ESS],2017-11-07 16:40:58,1,-87,32.10560869,35.20955798,682,3,WIFI
00:1a:2f:7f:6b:70,,[WPA2-PSK-CCMP][ESS],2017-11-07 16:40:58,13,-90,32.10560869,35.20955798,682,3,WIFI
42501_7211_3084801,012 Mobile,UNKNOWN;il,2017-11-07 16:40:58,0,-113,32.10560869,35.20955798,682,3,GSM
42501_7211_3084804,012 Mobile,UNKNOWN;il,2017-11-07 16:41:25,0,-113,32.10490802,35.20855794,682,6,GSM
24:1f:a0:1d:48:fb,HUAWEI_Grace_A9A9,[WPA2-PSK-CCMP][ESS],2017-11-07 16:41:35,6,-92,32.10486432,35.20848134,681,5,WIFI
ec:8c:a2:09:da:6c,Ariel_University,[ESS],2017-11-07 16:41:51,36,-90,32.10502349,35.20779478,676,3,WIFI
f0:b0:52:3e:d6:f8,Ariel_University,[ESS],2017-11-07 16:41:54,6,-87,32.10527139,35.20765344,674,3,WIFI
f0:b0:52:3e:da:1c,Ariel_University,[ESS],2017-11-07 16:41:57,58,-92,32.105511,35.20745502,672,3,WIFI
ec:8c:a2:26:d2:c8,Ariel_University,[ESS],2017-11-07 16:41:57,11,-88,32.105511,35.20745502,672,3,WIFI
f0:b0:52:3e:d0:38,Ariel_University,[ESS],2017-11-07 16:41:57,11,-93,32.105511,35.20745502,672,3,WIFI
42501_7211_3084804,012 Mobile,UNKNOWN;il,2017-11-07 16:41:57,0,-113,32.105511,35.20745502,672,3,GSM
f0:b0:52:3e:d3:7c,Ariel_University,[ESS],2017-11-07 16:42:00,36,-85,32.10572271,35.20721414,670,3,WIFI
f0:b0:52:3e:c7:bc,Ariel_University,[ESS],2017-11-07 16:42:00,44,-89,32.10572271,35.20721414,670,3,WIFI
f0:b0:52:3e:d6:fc,Ariel_University,[ESS],2017-11-07 16:42:00,44,-90,32.10572271,35.20721414,670,3,WIFI
f0:b0:52:3e:d6:fc,Ariel_University,[ESS],2017-11-07 16:42:03,44,-80,32.1059284,35.20691146,668,4,WIFI
f0:b0:52:be:c7:b7,,[WPA2-PSK-CCMP][ESS],2017-11-07 16:42:03,44,-89,32.1059284,35.20691146,668,4,WIFI
f0:b0:52:3e:c8:0c,Ariel_University,[ESS],2017-11-07 16:42:03,44,-91,32.1059284,35.20691146,668,4,WIFI
f0:b0:52:3e:c8:1c,Ariel_University,[ESS],2017-11-07 16:42:03,48,-91,32.1059284,35.20691146,668,4,WIFI
f0:b0:52:3e:d6:f8,Ariel_University,[ESS],2017-11-07 16:42:06,6,-91,32.10607836,35.20655383,666,6,WIFI
f0:b0:52:3e:d9:bc,Ariel_University,[ESS],2017-11-07 16:42:06,36,-91,32.10607836,35.20655383,666,6,WIFI
f0:b0:52:3e:c8:18,Ariel_University,[ESS],2017-11-07 16:42:06,11,-93,32.10607836,35.20655383,666,6,WIFI
8c:0c:90:2d:7a:58,Ariel_University,[ESS],2017-11-07 16:42:09,6,-91,32.10615268,35.2063026,665,8,WIFI
f0:3e:90:04:d2:a8,Ariel_University,[ESS],2017-11-07 16:42:09,6,-93,32.10615268,35.2063026,665,8,WIFI
42501_7211_3084804,012 Mobile,UNKNOWN;il,2017-11-07 16:42:09,0,-113,32.10615268,35.2063026,665,8,GSM
14:ae:db:51:17:fd,momo,[WPA2-PSK-CCMP][ESS],2017-11-07 16:42:12,6,-88,32.10617371,35.20623297,666,8,WIFI
24:c9:a1:36:55:78,Ariel_University,[ESS],2017-11-07 16:42:12,11,-89,32.10617371,35.20623297,666,8,WIFI
f0:b0:52:3e:d9:b8,Ariel_University,[ESS],2017-11-07 16:42:12,1,-91,32.10617371,35.20623297,666,8,WIFI
8c:0c:90:2e:0e:58,Ariel_University,[ESS],2017-11-07 16:42:15,11,-90,32.1061721,35.2061957,666,5,WIFI
24:c9:a1:36:55:78,Ariel_University,[ESS],2017-11-07 16:42:20,11,-77,32.1061756,35.20612336,666,6,WIFI
c0:ac:54:f5:b3:45,HOTBOX-CFC8,[WPA-PSK-CCMP+TKIP][WPA2-PSK-CCMP+TKIP][ESS],2017-11-07 16:42:20,6,-88,32.1061756,35.20612336,666,6,WIFI
1c:b9:c4:08:6f:7c,Ariel_University,[ESS],2017-11-07 16:42:20,36,-82,32.1061756,35.20612336,666,6,WIFI
f0:3e:90:05:cc:5c,Ariel_University,[ESS],2017-11-07 16:42:20,44,-85,32.1061756,35.20612336,666,6,WIFI
8c:0c:90:2e:0e:88,Ariel_University,[ESS],2017-11-07 16:42:20,6,-92,32.1061756,35.20612336,666,6,WIFI
8c:0c:90:2d:7a:58,Ariel_University,[ESS],2017-11-07 16:42:25,6,-83,32.10618075,35.20602829,667,4,WIFI
f0:3e:90:05:12:88,Ariel_University,[ESS],2017-11-07 16:42:41,6,-93,32.10620936,35.2056022,662,4,WIFI
f0:3e:90:04:f6:6c,Ariel_University,[ESS],2017-11-07 16:42:48,44,-93,32.1062224,35.20545137,663,3,WIFI
c4:12:f5:80:d4:b8,dudu,[WPA2-PSK-CCMP][ESS],2017-11-07 16:42:51,60,-90,32.10623173,35.20533147,662,3,WIFI
8c:0c:90:2e:e8:28,Ariel_University,[ESS],2017-11-07 16:42:51,1,-90,32.10623173,35.20533147,662,3,WIFI
94:f6:65:b5:22:bc,,[WPA2-EAP-CCMP][ESS],2017-11-07 16:42:54,36,-88,32.1062376,35.20521365,663,3,WIFI
94:f6:65:35:22:bc,,[WPA2-PSK-CCMP][ESS],2017-11-07 16:42:54,36,-90,32.1062376,35.20521365,663,3,WIFI
14:ae:db:59:e4:fd,eli,[WPA2-PSK-CCMP][ESS],2017-11-07 16:42:54,11,-88,32.1062376,35.20521365,663,3,WIFI
94:f6:65:75:22:bc,HAPOALIM,[ESS],2017-11-07 16:42:54,36,-89,32.1062376,35.20521365,663,3,WIFI
8c:0c:90:2e:e2:48,Ariel_University,[ESS],2017-11-07 16:42:54,1,-91,32.1062376,35.20521365,663,3,WIFI
42501_7211_3084804,012 Mobile,UNKNOWN;il,2017-11-07 16:42:54,0,-113,32.1062376,35.20521365,663,3,GSM
14:ae:db:59:e4:fd,eli,[WPA2-PSK-CCMP][ESS],2017-11-07 16:42:57,11,-83,32.10624297,35.20510896,664,3,WIFI
c4:12:f5:80:d4:b9,dudu,[WPA2-PSK-CCMP][ESS],2017-11-07 16:42:57,1,-89,32.10624297,35.20510896,664,3,WIFI
24:c9:a1:36:52:d8,Ariel_University,[ESS],2017-11-07 16:43:00,6,-91,32.10626171,35.20494515,665,3,WIFI
24:c9:a1:35:ba:28,Ariel_University,[ESS],2017-11-07 16:43:03,11,-83,32.1062616,35.20477408,663,3,WIFI
00:1a:2f:7f:6b:70,,[WPA2-PSK-CCMP][ESS],2017-11-07 16:43:17,13,-92,32.10624695,35.20365446,664,3,WIFI
02:02:f5:c5:32:ee,RelTele,[WEP][IBSS],2017-11-07 16:43:17,1,-90,32.10624695,35.20365446,664,3,WIFI
42501_7211_3084804,012 Mobile,UNKNOWN;il,2017-11-07 16:43:17,0,-113,32.10624695,35.20365446,664,3,GSM
14:ae:db:32:f1:ba,GGG,[WPA2-PSK-CCMP][ESS],2017-11-07 16:46:26,5,-85,32.10707873,35.18915098,589,3,WIFI
10:be:f5:3d:2c:5c,sofia15,[WPA2-PSK-CCMP][ESS],2017-11-07 16:46:26,3,-91,32.10707873,35.18915098,589,3,WIFI
72:be:f5:3d:2c:5d,BezeqFree,[WPA2-PSK-CCMP][ESS],2017-11-07 16:46:26,3,-92,32.10707873,35.18915098,589,3,WIFI
14:ae:db:a3:8f:15,EITAN,[WPA-PSK-CCMP+TKIP][WPA2-PSK-CCMP+TKIP][WPS][ESS],2017-11-07 16:46:26,11,-92,32.10707873,35.18915098,589,3,WIFI
42501_7213_5475842,012 Mobile,UNKNOWN;il,2017-11-07 16:46:26,0,-113,32.10707873,35.18915098,589,3,GSM
b4:ee:b4:86:c6:db,Petros Ch,[WPA-PSK-CCMP+TKIP][WPA2-PSK-CCMP+TKIP][ESS],2017-11-07 16:46:29,1,-92,32.1070787,35.18915098,589,3,WIFI
b0:41:1d:26:d5:c9,AEH-W4A1-b0411d26d5c9,[WPA2-PSK-CCMP][ESS],2017-11-07 16:46:29,7,-92,32.1070787,35.18915098,589,3,WIFI
14:ae:db:37:82:35,039367983,[WPA2-PSK-CCMP][ESS],2017-11-07 16:46:32,6,-92,32.10707867,35.18915095,589,3,WIFI
e0:46:9a:6b:bf:92,marina71,[WPA2-PSK-CCMP][WPS][ESS],2017-11-07 16:46:32,11,-94,32.10707867,35.18915095,589,3,WIFI
14:ae:db:32:f1:bd,bz17641540_5,[WPA2-PSK-CCMP][ESS],2017-11-07 16:46:35,48,-90,32.1070786,35.18915089,589,3,WIFI
b4:ee:b4:86:c6:db,Petros Ch,[WPA-PSK-CCMP+TKIP][WPA2-PSK-CCMP+TKIP][ESS],2017-11-07 16:46:38,1,-81,32.10699772,35.18915228,589,3,WIFI
c0:ac:54:f7:40:e9,HOTBOX-596C,[WPA-PSK-CCMP+TKIP][WPA2-PSK-CCMP+TKIP][ESS],2017-11-07 16:46:38,1,-86,32.10699772,35.18915228,589,3,WIFI
c0:4a:00:eb:0f:4a,home123,[WPA2-PSK-CCMP+TKIP][WPS][ESS],2017-11-07 16:46:38,12,-91,32.10699772,35.18915228,589,3,WIFI
00:0e:f4:c1:3b:49,DINA,[WPA2-PSK-CCMP][ESS],2017-11-07 16:46:38,6,-91,32.10699772,35.18915228,589,3,WIFI
e4:6f:13:71:fd:62,danis76,[WPA2-PSK-CCMP][ESS],2017-11-07 16:46:38,1,-92,32.10699772,35.18915228,589,3,WIFI
14:ae:db:a3:8f:15,EITAN,[WPA-PSK-CCMP+TKIP][WPA2-PSK-CCMP+TKIP][WPS][ESS],2017-11-07 16:46:41,11,-85,32.10682653,35.18915665,588,5,WIFI
e4:6f:13:71:fd:62,danis76,[WPA2-PSK-CCMP][ESS],2017-11-07 16:46:41,1,-78,32.10682653,35.18915665,588,5,WIFI
14:ae:db:b2:ca:ad,kalpin,[WPA2-PSK-CCMP][ESS],2017-11-07 16:46:41,11,-85,32.10682653,35.18915665,588,5,WIFI
06:ae:db:b2:ca:ad,BezeqFree,[WPA2-PSK-CCMP][ESS],2017-11-07 16:46:41,11,-85,32.10682653,35.18915665,588,5,WIFI
14:ae:db:4c:e1:95,klara,[WPA2-PSK-CCMP][ESS],2017-11-07 16:46:41,11,-87,32.10682653,35.18915665,588,5,WIFI
06:ae:db:b4:68:05,BezeqFree,[WPA2-PSK-CCMP][ESS],2017-11-07 16:46:44,11,-86,32.10664129,35.18924732,587,5,WIFI
14:ae:db:b4:68:05,avlabar,[WPA-PSK-CCMP+TKIP][WPA2-PSK-CCMP+TKIP][ESS],2017-11-07 16:46:44,11,-88,32.10664129,35.18924732,587,5,WIFI
4c:60:de:27:5d:04,GankinNew,[WPA2-PSK-CCMP][WPS][ESS],2017-11-07 16:46:44,11,-89,32.10664129,35.18924732,587,5,WIFI
14:ae:db:b3:ec:85,bz636086,[WPA2-PSK-CCMP][ESS],2017-11-07 16:46:44,6,-89,32.10664129,35.18924732,587,5,WIFI
c4:12:f5:fd:1a:1a,michael,[WPA2-PSK-CCMP][ESS],2017-11-07 16:46:44,10,-91,32.10664129,35.18924732,587,5,WIFI
72:12:f5:fd:1a:1b,BezeqFree,[WPA2-PSK-CCMP][ESS],2017-11-07 16:46:44,10,-92,32.10664129,35.18924732,587,5,WIFI
c4:04:15:60:55:5a,Liya2.4,[WPA2-PSK-CCMP][WPS][ESS],2017-11-07 16:46:47,11,-84,32.10647111,35.18932163,590,3,WIFI
50:c7:bf:8a:76:8f,HOME,[WPA2-PSK-CCMP][WPS][ESS],2017-11-07 16:46:47,44,-91,32.10647111,35.18932163,590,3,WIFI
50:c7:bf:8a:76:8d,HOME,[WPA2-PSK-CCMP][WPS][ESS],2017-11-07 16:46:47,11,-86,32.10647111,35.18932163,590,3,WIFI
ca:02:10:bb:d9:d7,DIRECT-AP[TV][LG]50LB5820-TB,[WPA2-PSK-CCMP][WPS][ESS],2017-11-07 16:46:47,1,-88,32.10647111,35.18932163,590,3,WIFI
00:12:2a:e1:38:cc,Dimax_5g,[WPA2-PSK-CCMP][ESS],2017-11-07 16:46:47,48,-92,32.10647111,35.18932163,590,3,WIFI
00:12:2a:e1:38:c8,Dimax_2.4G,[WPA-PSK-CCMP][ESS],2017-11-07 16:46:47,2,-89,32.10647111,35.18932163,590,3,WIFI
06:ae:db:4c:e1:95,BezeqFree,[WPA2-PSK-CCMP][ESS],2017-11-07 16:46:47,11,-89,32.10647111,35.18932163,590,3,WIFI
14:ae:db:3f:34:52,annas,[WPA2-PSK-CCMP][ESS],2017-11-07 16:46:47,5,-93,32.10647111,35.18932163,590,3,WIFI
62:04:15:60:55:5b,Bezeq Free,[ESS],2017-11-07 16:46:47,11,-82,32.10647111,35.18932163,590,3,WIFI
c4:04:15:60:55:5b,Liya5,[WPA2-PSK-CCMP][WPS][ESS],2017-11-07 16:46:50,44,-85,32.10627832,35.18943656,589,3,WIFI
90:8d:78:55:4a:78,Babush_5,[WPA2-PSK-CCMP][ESS],2017-11-07 16:46:50,48,-91,32.10627832,35.18943656,589,3,WIFI
42501_7213_5475842,012 Mobile,UNKNOWN;il,2017-11-07 16:46:53,0,-113,32.10604695,35.18956373,587,3,GSM
14:ae:db:cf:53:6d,Rubi,[WPA-PSK-CCMP+TKIP][WPA2-PSK-CCMP+TKIP][WPS][ESS],2017-11-07 16:46:56,6,-91,32.105772,35.18964,585,4,WIFI
74:da:39:69:d3:0d,Rubi,[WPA2-PSK-CCMP][ESS],2017-11-07 16:46:56,6,-91,32.105772,35.18964,585,4,WIFI
14:ae:db:ce:98:9d,BEZEQINT-9899,[WPA-PSK-CCMP+TKIP][WPA2-PSK-CCMP+TKIP][WPS][ESS],2017-11-07 16:46:56,11,-91,32.105772,35.18964,585,4,WIFI
10:be:f5:3d:6d:0c,Lion,[WPA2-PSK-CCMP][ESS],2017-11-07 16:47:02,9,-87,32.10522642,35.18947222,585,3,WIFI
62:be:f5:3d:6d:0d,Bezeq Free,[WPA2-PSK-CCMP][ESS],2017-11-07 16:47:02,9,-87,32.10522642,35.18947222,585,3,WIFI
7c:03:4c:ba:dc:98,Gladkov,[WPA-PSK-CCMP+TKIP][WPA2-PSK-CCMP+TKIP][ESS],2017-11-07 16:47:02,11,-92,32.10522642,35.18947222,585,3,WIFI
14:ae:db:b1:8a:fd,olegdardyk,[WPA2-PSK-CCMP][ESS],2017-11-07 16:47:02,6,-95,32.10522642,35.18947222,585,3,WIFI
a0:4f:d4:2c:5a:e2,rozo_5,[WPA2-PSK-CCMP][ESS],2017-11-07 16:47:05,52,-80,32.10501624,35.18924579,586,3,WIFI
a0:4f:d4:2c:5a:e1,rozo_2.4,[WPA2-PSK-CCMP][ESS],2017-11-07 16:47:05,1,-82,32.10501624,35.18924579,586,3,WIFI
14:ae:db:a4:c1:32,Irina_dom,[WPA2-PSK-CCMP][ESS],2017-11-07 16:47:05,11,-91,32.10501624,35.18924579,586,3,WIFI
14:ae:db:53:bd:6d,Monika,[WPA2-PSK-CCMP][ESS],2017-11-07 16:47:05,6,-92,32.10501624,35.18924579,586,3,WIFI
42501_7213_5475842,012 Mobile,UNKNOWN;il,2017-11-07 16:47:05,0,-113,32.10501624,35.18924579,586,3,GSM
14:ae:db:b1:8a:fd,olegdardyk,[WPA2-PSK-CCMP][ESS],2017-11-07 16:47:08,6,-85,32.10489358,35.18896211,589,3,WIFI
14:ae:db:4f:aa:65,BEZEQINT-AA61,[WPA-PSK-CCMP+TKIP][WPA2-PSK-CCMP+TKIP][WPS][ESS],2017-11-07 16:47:08,11,-78,32.10489358,35.18896211,589,3,WIFI
86:25:19:02:7d:0d,DIRECT-9YM2070 Series,[WPA2-PSK-CCMP][WPS-AUTH][ESS],2017-11-07 16:47:08,11,-82,32.10489358,35.18896211,589,3,WIFI
00:12:2a:e2:03:3c,SmartBox5G,[WPA2-PSK-CCMP][ESS],2017-11-07 16:47:08,40,-88,32.10489358,35.18896211,589,3,WIFI
ac:f1:df:9e:49:81,323419853,[WPA2-PSK-CCMP][ESS],2017-11-07 16:47:08,11,-85,32.10489358,35.18896211,589,3,WIFI
c0:ac:54:f8:72:09,Koriat1,[WPA-PSK-CCMP+TKIP][WPA2-PSK-CCMP+TKIP][ESS],2017-11-07 16:47:08,13,-85,32.10489358,35.18896211,589,3,WIFI
00:12:2a:e2:03:38,SmartBox-0330,[WPA-PSK-CCMP+TKIP][WPA2-PSK-CCMP+TKIP][WPS][ESS],2017-11-07 16:47:08,7,-86,32.10489358,35.18896211,589,3,WIFI
a0:ab:1b:61:fc:0e,ilia,[WPA2-PSK-CCMP][ESS],2017-11-07 16:47:08,9,-91,32.10489358,35.18896211,589,3,WIFI
64:66:b3:d8:bf:5c,Butterfly,[WPA-PSK-CCMP+TKIP][WPA2-PSK-CCMP+TKIP][WPS][ESS],2017-11-07 16:47:08,13,-91,32.10489358,35.18896211,589,3,WIFI
14:ae:db:b4:4c:4d,avigail,[WPA2-PSK-CCMP][ESS],2017-11-07 16:47:08,11,-91,32.10489358,35.18896211,589,3,WIFI
d0:0f:6d:f1:05:c3,vladimir,[WPA-PSK-CCMP+TKIP][ESS],2017-11-07 16:47:11,7,-89,32.10481614,35.18877444,592,5,WIFI
14:ae:db:b1:65:2d,k3833412,[WPA2-PSK-CCMP][ESS],2017-11-07 16:47:11,11,-91,32.10481614,35.18877444,592,5,WIFI
74:da:38:cc:dc:eb,,[WPA2-PSK-CCMP-preauth][ESS],2017-11-07 16:47:11,2,-92,32.10481614,35.18877444,592,5,WIFI
d8:fe:e3:04:7f:19,Murasakibara,[WPA2-PSK-CCMP][ESS],2017-11-07 16:47:14,11,-83,32.10484597,35.18858294,591,5,WIFI
b0:41:1d:28:3d:2f,AEH-W4A1-b0411d283d2f,[WPA2-PSK-CCMP][ESS],2017-11-07 16:47:14,6,-90,32.10484597,35.18858294,591,5,WIFI
14:ae:db:cb:7a:85,BEZEQINT-7A81,[WPA-PSK-CCMP+TKIP][WPA2-PSK-CCMP+TKIP][WPS][ESS],2017-11-07 16:47:14,11,-92,32.10484597,35.18858294,591,5,WIFI
6a:fe:e3:04:7f:1a,Bezeq Free 047F18,[ESS],2017-11-07 16:47:14,11,-83,32.10484597,35.18858294,591,5,WIFI
14:ae:db:be:21:f5,Yrakiller_5,[WPA2-PSK-CCMP][ESS],2017-11-07 16:47:17,48,-87,32.1049577,35.18833147,591,4,WIFI
14:ae:db:be:21:f2,Yrakiller,[WPA2-PSK-CCMP][ESS],2017-11-07 16:47:17,9,-84,32.1049577,35.18833147,591,4,WIFI
14:af:db:be:21:f2,BezeqFree,[WPA2-PSK-CCMP][ESS],2017-11-07 16:47:17,9,-84,32.1049577,35.18833147,591,4,WIFI
c4:12:f5:fb:b9:5e,Emma,[WPA-PSK-CCMP][ESS],2017-11-07 16:47:17,4,-89,32.1049577,35.18833147,591,4,WIFI
14:ae:db:57:ff:ed,MorYarden,[WPA2-PSK-CCMP][ESS],2017-11-07 16:47:17,6,-90,32.1049577,35.18833147,591,4,WIFI
84:a1:d1:0f:18:15,HOTBOX-2D79,[WPA-PSK-CCMP+TKIP][WPA2-PSK-CCMP+TKIP][ESS],2017-11-07 16:47:17,1,-91,32.1049577,35.18833147,591,4,WIFI
f4:f2:6d:96:81:b8,TLVSpot.com,[WPA2-PSK-CCMP][WPS][ESS],2017-11-07 16:47:20,11,-91,32.10505061,35.18800618,592,3,WIFI
6c:72:20:40:ba:c0,Talya,[WPA2-PSK-CCMP][WPS][ESS],2017-11-07 16:47:20,6,-91,32.10505061,35.18800618,592,3,WIFI
42501_7213_5475842,012 Mobile,UNKNOWN;il,2017-11-07 16:47:20,0,-113,32.10505061,35.18800618,592,3,GSM
14:d6:4d:f4:53:9e,home,[WPA2-PSK-CCMP][ESS],2017-11-07 16:47:23,6,-92,32.1050894,35.1877416,591,3,WIFI
00:02:6f:b8:c4:1a,,[ESS],2017-11-07 16:47:23,11,-93,32.1050894,35.1877416,591,3,WIFI
14:ae:db:31:3c:8d,Virus2.4_5,[WPA2-PSK-CCMP][ESS],2017-11-07 16:47:26,48,-90,32.10509362,35.1876108,593,3,WIFI
14:ae:db:31:3c:8a,Virus2.4,[WPA2-PSK-CCMP][ESS],2017-11-07 16:47:26,2,-92,32.10509362,35.1876108,593,3,WIFI
14:af:db:31:3c:8a,BezeqFree,[WPA2-PSK-CCMP][ESS],2017-11-07 16:47:26,2,-93,32.10509362,35.1876108,593,3,WIFI
42501_7213_5319681,012 Mobile,UNKNOWN;il,2017-11-07 16:47:32,0,-113,32.1049167,35.18744624,594,3,GSM
14:ae:db:31:3c:8a,Virus2.4,[WPA2-PSK-CCMP][ESS],2017-11-07 16:47:35,2,-87,32.10472676,35.18731053,595,3,WIFI
14:af:db:31:3c:8a,BezeqFree,[WPA2-PSK-CCMP][ESS],2017-11-07 16:47:35,2,-87,32.10472676,35.18731053,595,3,WIFI
20:02:af:9b:18:3a,AndroidAP,[WPA2-PSK-CCMP][ESS],2017-11-07 16:47:35,6,-90,32.10472676,35.18731053,595,3,WIFI
c8:be:19:11:b2:25,Bezeq-N_11b224,[ESS],2017-11-07 16:47:35,6,-92,32.10472676,35.18731053,595,3,WIFI
c4:12:f5:f6:3f:f6,Yuri,[WPA2-PSK-CCMP][ESS],2017-11-07 16:47:38,11,-85,32.10457269,35.18712005,593,4,WIFI
14:ae:db:b1:37:15,LEVY,[WPA2-PSK-CCMP][ESS],2017-11-07 16:47:38,11,-93,32.10457269,35.18712005,593,4,WIFI
42501_7213_5475841,012 Mobile,UNKNOWN;il,2017-11-07 16:47:38,0,-113,32.10457269,35.18712005,593,4,GSM
14:ae:db:4d:d9:35,Kelman,[WPA2-PSK-CCMP][ESS],2017-11-07 16:47:41,1,-87,32.10449167,35.18686777,595,8,WIFI
fc:b4:e6:d2:7d:e5,lilya,[WPA-PSK-CCMP+TKIP][WPA2-PSK-CCMP+TKIP][ESS],2017-11-07 16:47:41,11,-87,32.10449167,35.18686777,595,8,WIFI
34:08:04:04:80:9f,simchi,[WPA2-PSK-CCMP][ESS],2017-11-07 16:47:41,6,-90,32.10449167,35.18686777,595,8,WIFI
14:ae:db:31:5a:7d,Yuval_2,[WPA2-PSK-CCMP][ESS],2017-11-07 16:47:47,48,-91,32.10444663,35.18638045,596,3,WIFI
14:ae:db:31:5a:7a,Yuval_1,[WPA2-PSK-CCMP][ESS],2017-11-07 16:47:47,11,-93,32.10444663,35.18638045,596,3,WIFI
10:be:f5:36:45:0e,Spartak,[WPA2-PSK-CCMP][ESS],2017-11-07 16:47:50,7,-85,32.10443466,35.18630883,598,4,WIFI
14:ae:db:31:5a:7a,Yuval_1,[WPA2-PSK-CCMP][ESS],2017-11-07 16:48:04,11,-88,32.10447064,35.18630613,604,3,WIFI
b4:ee:b4:fe:21:fc,Leshii,[WPA-PSK-CCMP+TKIP][WPA2-PSK-CCMP+TKIP][ESS],2017-11-07 16:48:10,7,-92,32.10447072,35.18630589,604,3,WIFI
04:a1:51:c9:17:ec,nisim1,[WPA2-PSK-CCMP][WPS][ESS],2017-11-07 16:48:16,11,-92,32.10447107,35.18630585,604,3,WIFI
ac:f1:df:9d:09:79,Yunjeck,[WPA2-PSK-CCMP][ESS],2017-11-07 16:48:19,11,-90,32.10448014,35.18630487,604,3,WIFI
a0:4f:d4:3d:0b:41,sofer,[WPA2-PSK-CCMP][ESS],2017-11-07 16:48:28,1,-92,32.10449743,35.186065,604,4,WIFI
42501_7213_5475841,012 Mobile,UNKNOWN;il,2017-11-07 16:48:28,0,-113,32.10449743,35.186065,604,4,GSM
c4:04:15:48:c5:5a,haba_2.4,[WPA2-PSK-CCMP][WPS][ESS],2017-11-07 16:48:31,6,-89,32.10449418,35.18580959,603,4,WIFI
62:04:15:48:c5:5b,Bezeq Free G000B7,[ESS],2017-11-07 16:48:31,6,-88,32.10449418,35.18580959,603,4,WIFI
14:ae:db:55:89:cd,BEZEQINT-89C9,[WPA-PSK-CCMP+TKIP][WPA2-PSK-CCMP+TKIP][WPS][ESS],2017-11-07 16:48:34,11,-89,32.10450283,35.18550735,602,4,WIFI
84:34:97:ac:91:60,HP-Print-60-Officejet Pro 8600,[WPA2-PSK-CCMP][ESS],2017-11-07 16:48:34,6,-90,32.10450283,35.18550735,602,4,WIFI
10:be:f5:36:45:0e,Spartak,[WPA2-PSK-CCMP][ESS],2017-11-07 16:48:37,7,-89,32.10446484,35.18522911,602,4,WIFI
14:ae:db:31:5a:7a,Yuval_1,[WPA2-PSK-CCMP][ESS],2017-11-07 16:48:37,11,-90,32.10446484,35.18522911,602,4,WIFI
b4:ee:b4:fe:21:fc,Leshii,[WPA-PSK-CCMP+TKIP][WPA2-PSK-CCMP+TKIP][ESS],2017-11-07 16:48:37,7,-92,32.10446484,35.18522911,602,4,WIFI
14:ae:db:38:11:bd,yg,[WPA2-PSK-CCMP][ESS],2017-11-07 16:48:37,6,-86,32.10446484,35.18522911,602,4,WIFI
06:ae:db:38:11:bd,BezeqFree,[WPA2-PSK-CCMP][ESS],2017-11-07 16:48:37,6,-90,32.10446484,35.18522911,602,4,WIFI
42501_7213_5475841,012 Mobile,UNKNOWN;il,2017-11-07 16:48:40,0,-113,32.10441218,35.18501232,603,3,GSM
e0:ce:c3:3c:7a:eb,Veronika,[WPA-PSK-CCMP+TKIP][WPA2-PSK-CCMP+TKIP][ESS],2017-11-07 16:48:43,6,-90,32.10439621,35.18489607,602,4,WIFI
7c:b7:33:be:54:bb,HOTBOX-54B5,[WPA-PSK-CCMP+TKIP][WPA2-PSK-CCMP+TKIP][ESS],2017-11-07 16:48:46,11,-85,32.10438884,35.18488261,603,3,WIFI
7c:b7:33:be:54:bb,HOTBOX-54B5,[WPA-PSK-CCMP+TKIP][WPA2-PSK-CCMP+TKIP][ESS],2017-11-07 16:48:50,11,-75,32.10438962,35.18487244,602,3,WIFI
74:da:38:b9:37:de,Ori_2EX,[WPA2-PSK-CCMP-preauth][WPS][ESS],2017-11-07 16:48:50,1,-84,32.10438962,35.18487244,602,3,WIFI
14:ae:db:45:f3:5d,22203475,[WPA2-PSK-CCMP][ESS],2017-11-07 16:48:50,1,-92,32.10438962,35.18487244,602,3,WIFI
18:1e:78:fc:fd:61,Veronika,[WPA-PSK-CCMP+TKIP][WPA2-PSK-CCMP+TKIP][ESS],2017-11-07 16:48:50,6,-92,32.10438962,35.18487244,602,3,WIFI
c4:12:f5:08:34:30,Mars,[WPA-PSK-CCMP][WPA2-PSK-CCMP][ESS],2017-11-07 16:48:53,3,-79,32.10439585,35.18486821,600,3,WIFI
06:ae:db:38:11:bd,BezeqFree,[WPA2-PSK-CCMP][ESS],2017-11-07 16:48:53,6,-82,32.10439585,35.18486821,600,3,WIFI
c4:04:15:0f:bb:c1,gsk5,[WPA2-PSK-CCMP][WPS][ESS],2017-11-07 16:48:53,60,-91,32.10439585,35.18486821,600,3,WIFI
7c:b7:33:ea:ad:b5,HOTFiber1,[WPA-PSK-CCMP+TKIP][WPA2-PSK-CCMP+TKIP][ESS],2017-11-07 16:48:53,9,-91,32.10439585,35.18486821,600,3,WIFI
c4:04:15:0f:bb:c0,gsk,[WPA2-PSK-CCMP][WPS][ESS],2017-11-07 16:48:56,11,-79,32.10439927,35.18486914,599,3,WIFI
90:8d:78:53:fc:d6,homeede2,[WPA-PSK-CCMP][WPA2-PSK-CCMP][ESS],2017-11-07 16:48:59,1,-89,32.1044055,35.18486512,599,3,WIFI
c4:12:f5:fb:39:fc,ericayaniv,[WPA2-PSK-CCMP][ESS],2017-11-07 16:48:59,13,-89,32.1044055,35.18486512,599,3,WIFI
14:ae:db:59:db:9d,BEZEK10,[WPA2-PSK-CCMP][ESS],2017-11-07 16:48:59,11,-92,32.1044055,35.18486512,599,3,WIFI
c4:12:f5:08:34:30,Mars,[WPA-PSK-CCMP][WPA2-PSK-CCMP][ESS],2017-11-07 16:49:02,3,-71,32.1043916,35.18483809,598,3,WIFI
7c:b7:33:ea:ad:b5,HOTFiber1,[WPA-PSK-CCMP+TKIP][WPA2-PSK-CCMP+TKIP][ESS],2017-11-07 16:49:02,9,-78,32.1043916,35.18483809,598,3,WIFI
c4:04:15:0f:bb:c0,gsk,[WPA2-PSK-CCMP][WPS][ESS],2017-11-07 16:49:02,11,-74,32.1043916,35.18483809,598,3,WIFI
18:1e:78:fc:fd:61,Veronika,[WPA-PSK-CCMP+TKIP][WPA2-PSK-CCMP+TKIP][ESS],2017-11-07 16:49:02,6,-84,32.1043916,35.18483809,598,3,WIFI
a0:ab:1b:64:17:5a,geri,[WPA2-PSK-CCMP][ESS],2017-11-07 16:49:02,1,-86,32.1043916,35.18483809,598,3,WIFI
7c:b7:33:c1:41:de,hay,[WPA-PSK-CCMP+TKIP][WPA2-PSK-CCMP+TKIP][ESS],2017-11-07 16:49:02,1,-86,32.1043916,35.18483809,598,3,WIFI
06:ae:db:53:f6:3d,BezeqFree,[WPA2-PSK-CCMP][ESS],2017-11-07 16:49:02,1,-87,32.1043916,35.18483809,598,3,WIFI
00:02:6f:b8:c4:12,,[ESS],2017-11-07 16:49:02,11,-87,32.1043916,35.18483809,598,3,WIFI
e0:ce:c3:3c:7a:eb,Veronika,[WPA-PSK-CCMP+TKIP][WPA2-PSK-CCMP+TKIP][ESS],2017-11-07 16:49:06,6,-85,32.10437259,35.18480723,598,3,WIFI
a0:8e:78:7e:58:5a,hay,[WPA-PSK-CCMP+TKIP][WPA2-PSK-CCMP+TKIP][ESS],2017-11-07 16:49:10,1,-83,32.10435955,35.18476948,596,3,WIFI
14:ae:db:b2:33:45,veredrotem3,[WPA2-PSK-CCMP][ESS],2017-11-07 16:49:10,11,-85,32.10435955,35.18476948,596,3,WIFI
54:64:d9:5f:61:2b,HOTFiber1,[WPA-PSK-CCMP+TKIP][WPA2-PSK-CCMP+TKIP][ESS],2017-11-07 16:49:10,9,-91,32.10435955,35.18476948,596,3,WIFI
a4:08:f5:23:3a:07,HOT-555,[WPA-PSK-CCMP+TKIP][WPA2-PSK-CCMP+TKIP][ESS],2017-11-07 16:49:14,11,-90,32.1043421,35.18471475,595,3,WIFI
16:0c:c3:ee:85:19,Yossi,[WPA-PSK-CCMP+TKIP][WPA2-PSK-CCMP+TKIP][WPS][ESS],2017-11-07 16:49:14,9,-91,32.1043421,35.18471475,595,3,WIFI
b4:ee:b4:8c:c6:90,Yaelaf,[WPA-PSK-CCMP+TKIP][WPA2-PSK-CCMP+TKIP][ESS],2017-11-07 16:49:18,11,-87,32.10432772,35.18467689,596,3,WIFI
74:88:8b:fe:db:a8,yonatan840,[WPA2-PSK-CCMP][ESS],2017-11-07 16:49:22,1,-90,32.10433921,35.18465649,596,3,WIFI
c8:d3:a3:21:72:29,oksanako,[WPA2-PSK-CCMP][ESS],2017-11-07 16:49:27,6,-93,32.10433749,35.18465845,596,3,WIFI
42501_7213_5319681,012 Mobile,UNKNOWN;il,2017-11-07 16:49:39,0,-113,32.1043311,35.18466759,597,3,GSM
d0:84:b0:fe:51:c5,HOTFiber1,[WPA-PSK-CCMP+TKIP][WPA2-PSK-CCMP+TKIP][ESS],2017-11-07 16:49:42,9,-88,32.10433147,35.1846662,597,3,WIFI
44:6e:e5:67:91:3d,Partner-4G-913D,[WPA2-PSK-CCMP][ESS],2017-11-07 16:49:42,10,-93,32.10433147,35.1846662,597,3,WIFI
c4:04:15:0f:bb:c1,gsk5,[WPA2-PSK-CCMP][WPS][ESS],2017-11-07 16:49:49,60,-84,32.10432899,35.1846346,596,3,WIFI
e0:ce:c3:3c:7a:eb,Veronika,[WPA-PSK-CCMP+TKIP][WPA2-PSK-CCMP+TKIP][ESS],2017-11-07 16:49:52,6,-77,32.10432156,35.18461435,596,3,WIFI
00:8c:54:91:03:11,Eyal,[WPA2-PSK-CCMP][ESS],2017-11-07 16:49:52,6,-80,32.10432156,35.18461435,596,3,WIFI
d8:fe:e3:02:99:41,jenib,[WPA2-PSK-CCMP][ESS],2017-11-07 16:49:52,1,-89,32.10432156,35.18461435,596,3,WIFI
f8:ab:05:48:28:a8,HOTBOX-54B5,[WPA-PSK-CCMP+TKIP][WPA2-PSK-CCMP+TKIP][ESS],2017-11-07 16:49:57,11,-91,32.10432309,35.1846085,596,3,WIFI
40:b0:34:5f:de:4b,DIRECT-4A-HP DeskJet 3830 series,[WPA2-PSK-CCMP][WPS][ESS],2017-11-07 16:50:20,1,-88,32.1044777,35.18435785,594,3,WIFI
34:08:04:e0:cb:ca,dlink,[ESS],2017-11-07 16:50:20,2,-92,32.1044777,35.18435785,594,3,WIFI
e4:6f:13:6f:d9:88,Bezeq_WiFi,[ESS],2017-11-07 16:50:20,9,-93,32.1044777,35.18435785,594,3,WIFI
a0:4f:d4:3a:d2:51,ben ayun,[WPA2-PSK-CCMP][ESS],2017-11-07 16:50:28,1,-89,32.10451547,35.18424289,594,3,WIFI
f4:f2:6d:c3:8f:64,Yarkoni,[WPA-PSK-CCMP+TKIP][WPA2-PSK-CCMP+TKIP][ESS],2017-11-07 16:50:28,11,-89,32.10451547,35.18424289,594,3,WIFI
80:1f:02:17:26:80,Mordor,[ESS],2017-11-07 16:50:28,11,-91,32.10451547,35.18424289,594,3,WIFI
74:da:3c:80:3a:0c,ben_mergi,[WPA2-PSK-CCMP][ESS],2017-11-07 16:50:32,5,-89,32.10454615,35.18422658,591,3,WIFI
5a:fe:e3:02:ed:9a,Bezeq Free,[ESS],2017-11-07 16:50:36,1,-89,32.10454842,35.18422529,590,4,WIFI
00:78:9e:fa:ed:5f,Boss,[WPA-PSK-CCMP+TKIP][WPA2-PSK-CCMP+TKIP][ESS],2017-11-07 16:50:39,1,-85,32.1045531,35.18423002,588,4,WIFI
e8:fc:af:9a:3c:67,taskerm 2.4,[WPA2-PSK-CCMP][WPS][ESS],2017-11-07 16:50:39,1,-86,32.1045531,35.18423002,588,4,WIFI
f4:f2:6d:97:59:5c,taskerm 2.4,[WPA-PSK-CCMP+TKIP][WPA2-PSK-CCMP+TKIP][WPS][ESS],2017-11-07 16:50:42,8,-91,32.10455779,35.18423093,589,4,WIFI
40:b0:34:5f:de:4b,DIRECT-4A-HP DeskJet 3830 series,[WPA2-PSK-CCMP][WPS][ESS],2017-11-07 16:50:45,1,-82,32.10456606,35.18422669,588,4,WIFI
74:da:38:80:3a:0b,NBM,[WPA2-PSK-CCMP][WPS][ESS],2017-11-07 16:50:45,5,-92,32.10456606,35.18422669,588,4,WIFI
e8:fc:af:9a:3c:68,taskerm 5,[WPA2-PSK-CCMP][WPS][ESS],2017-11-07 16:50:52,60,-86,32.10464995,35.1842174,593,4,WIFI
3c:52:82:a2:08:c5,DIRECT-C4-HP DeskJet 3830 series,[WPA2-PSK-CCMP][WPS][ESS],2017-11-07 16:50:52,13,-90,32.10464995,35.1842174,593,4,WIFI
e8:fc:af:9a:3c:67,taskerm 2.4,[WPA2-PSK-CCMP][WPS][ESS],2017-11-07 16:50:56,1,-73,32.10468507,35.18420318,591,4,WIFI
74:da:38:80:3a:0b,NBM,[WPA2-PSK-CCMP][WPS][ESS],2017-11-07 16:50:56,5,-84,32.10468507,35.18420318,591,4,WIFI
e8:fc:af:9a:3c:68,taskerm 5,[WPA2-PSK-CCMP][WPS][ESS],2017-11-07 16:50:59,60,-79,32.10471212,35.18420447,592,3,WIFI
40:65:a3:2b:4b:20,ofer,[WEP][ESS],2017-11-07 16:51:07,6,-92,32.10475375,35.18419095,589,3,WIFI
e8:fc:af:9a:3c:67,taskerm 2.4,[WPA2-PSK-CCMP][WPS][ESS],2017-11-07 16:51:16,1,-68,32.10477821,35.18417513,588,4,WIFI
f4:f2:6d:97:59:5c,taskerm 2.4,[WPA-PSK-CCMP+TKIP][WPA2-PSK-CCMP+TKIP][WPS][ESS],2017-11-07 16:51:16,8,-81,32.10477821,35.18417513,588,4,WIFI
4c:60:de:4e:5d:7e,sergey7011,[WPA2-PSK-CCMP][WPS][ESS],2017-11-07 16:51:16,1,-89,32.10477821,35.18417513,588,4,WIFI
c0:ac:54:f5:88:0a,GOLD2017,[WPA-PSK-CCMP+TKIP][WPA2-PSK-CCMP+TKIP][ESS],2017-11-07 16:51:16,11,-92,32.10477821,35.18417513,588,4,WIFI
e4:6f:13:6f:b5:e8,sar27,[WPA2-PSK-CCMP][ESS],2017-11-07 16:51:20,9,-89,32.104799,35.18417401,587,4,WIFI
e8:fc:af:80:80:a0,law office,[WPA2-PSK-CCMP][WPS][ESS],2017-11-07 16:51:20,11,-89,32.104799,35.18417401,587,4,WIFI
10:5a:f7:03:e9:55,arbiv_2.4,[WPA2-PSK-CCMP][ESS],2017-11-07 16:51:20,11,-90,32.104799,35.18417401,587,4,WIFI
62:6f:13:6f:b5:e9,BezeqFree,[WPA2-PSK-CCMP][ESS],2017-11-07 16:51:20,9,-91,32.104799,35.18417401,587,4,WIFI
14:ae:db:b0:4b:45,yakov,[WPA2-PSK-CCMP][ESS],2017-11-07 16:51:20,11,-92,32.104799,35.18417401,587,4,WIFI
74:da:3c:80:3a:0c,ben_mergi,[WPA2-PSK-CCMP][ESS],2017-11-07 16:51:33,5,-82,32.10484777,35.18416802,585,3,WIFI
e8:fc:af:80:80:a0,law office,[WPA2-PSK-CCMP][WPS][ESS],2017-11-07 16:51:33,11,-79,32.10484777,35.18416802,585,3,WIFI
14:ae:db:cf:a8:25,pinto848,[WPA-PSK-CCMP+TKIP][WPA2-PSK-CCMP+TKIP][WPS][ESS],2017-11-07 16:51:36,6,-87,32.10484957,35.18416864,585,4,WIFI
ac:f1:df:18:8f:23,bezeqzionut62-2 2.4,[WPA2-PSK-CCMP][ESS],2017-11-07 16:51:43,1,-88,32.104897,35.18416372,585,3,WIFI
e8:94:f6:ce:bc:c3,Hadad,[WPA-PSK-CCMP][WPA2-PSK-CCMP][WPS][ESS],2017-11-07 16:51:47,6,-92,32.10492405,35.18414025,583,3,WIFI
b8:a3:86:0e:bd:33,Boaz,[WEP][ESS],2017-11-07 16:51:47,6,-93,32.10492405,35.18414025,583,3,WIFI
62:a3:86:0e:bd:30,Bezeq Free 0EBD32,[ESS],2017-11-07 16:51:47,6,-91,32.10492405,35.18414025,583,3,WIFI
e4:6f:13:6f:b5:e8,sar27,[WPA2-PSK-CCMP][ESS],2017-11-07 16:51:51,9,-80,32.10497236,35.18410092,583,3,WIFI
62:6f:13:6f:b5:e9,BezeqFree,[WPA2-PSK-CCMP][ESS],2017-11-07 16:51:51,9,-81,32.10497236,35.18410092,583,3,WIFI
c0:ac:54:f5:88:0a,GOLD2017,[WPA-PSK-CCMP+TKIP][WPA2-PSK-CCMP+TKIP][ESS],2017-11-07 16:51:55,11,-85,32.10501403,35.18405218,581,3,WIFI
c0:ff:d4:7f:d5:eb,015744626,[WPA2-PSK-CCMP][WPS][ESS],2017-11-07 16:52:00,1,-80,32.10503173,35.1839849,579,3,WIFI
7c:26:64:eb:14:ad,sholi 5,[WPA-PSK-CCMP+TKIP][WPA2-PSK-CCMP+TKIP][ESS],2017-11-07 16:52:00,11,-85,32.10503173,35.1839849,579,3,WIFI
18:d6:c7:72:8a:1a,bezeqzionut62-2 2.4,[WPA2-PSK-CCMP+TKIP][WPS][ESS],2017-11-07 16:52:00,1,-91,32.10503173,35.1839849,579,3,WIFI
62:ff:d4:7f:d5:e8,Bezeq Free HA7608,[ESS],2017-11-07 16:52:00,1,-81,32.10503173,35.1839849,579,3,WIFI
ac:f1:df:18:8f:23,bezeqzionut62-2 2.4,[WPA2-PSK-CCMP][ESS],2017-11-07 16:52:03,1,-80,32.10502669,35.18394383,579,3,WIFI
74:da:3a:59:03:12,LEVIN,[WPA2-PSK-CCMP][ESS],2017-11-07 16:52:03,6,-90,32.10502669,35.18394383,579,3,WIFI
72:f1:df:18:8f:20,Bezeq Free,[ESS],2017-11-07 16:52:03,1,-78,32.10502669,35.18394383,579,3,WIFI
00:78:9e:fb:42:02,HOTBOX-F606,[WPA-PSK-CCMP+TKIP][WPA2-PSK-CCMP+TKIP][ESS],2017-11-07 16:52:07,1,-85,32.10503974,35.18389956,579,3,WIFI
e8:94:f6:ce:bc:c3,Hadad,[WPA-PSK-CCMP][WPA2-PSK-CCMP][WPS][ESS],2017-11-07 16:52:11,6,-84,32.10508133,35.18388831,580,3,WIFI
e8:94:f6:ce:bc:c4,Hadad5,[WPA-PSK-CCMP][WPA2-PSK-CCMP][WPS][ESS],2017-11-07 16:52:11,36,-82,32.10508133,35.18388831,580,3,WIFI
00:21:04:48:f7:02,Grossman,[WPA-PSK-CCMP+TKIP][WPA2-PSK-CCMP+TKIP][ESS],2017-11-07 16:52:11,11,-88,32.10508133,35.18388831,580,3,WIFI
62:6f:13:6f:b5:e9,BezeqFree,[WPA2-PSK-CCMP][ESS],2017-11-07 16:52:15,9,-76,32.1051112,35.18387788,581,3,WIFI
c0:a0:bb:cc:cb:8d,LEVIN,[WPA2-PSK-CCMP][ESS],2017-11-07 16:52:15,6,-84,32.1051112,35.18387788,581,3,WIFI
00:1f:1f:36:4e:48,Grossman-AP,[WPA-PSK-TKIP][WPS][ESS],2017-11-07 16:52:15,11,-90,32.1051112,35.18387788,581,3,WIFI
e8:94:f6:ce:bc:c3,Hadad,[WPA-PSK-CCMP][WPA2-PSK-CCMP][WPS][ESS],2017-11-07 16:52:20,6,-72,32.10515307,35.1838607,580,3,WIFI
e8:94:f6:ce:bc:c4,Hadad5,[WPA-PSK-CCMP][WPA2-PSK-CCMP][WPS][ESS],2017-11-07 16:52:20,36,-75,32.10515307,35.1838607,580,3,WIFI
c0:a0:bb:cc:cb:8d,LEVIN,[WPA2-PSK-CCMP][ESS],2017-11-07 16:52:20,6,-75,32.10515307,35.1838607,580,3,WIFI
74:da:38:59:03:11,LEVIN2,[WPA2-PSK-CCMP][WPS][ESS],2017-11-07 16:52:20,6,-91,32.10515307,35.1838607,580,3,WIFI
c0:a0:bb:cc:cb:8e,Levin,[WPA2-PSK-CCMP][ESS],2017-11-07 16:52:27,48,-82,32.10515552,35.18385783,581,3,WIFI
16:0c:c3:ef:0b:91,Perach2,[WPA-PSK-CCMP+TKIP][WPA2-PSK-CCMP+TKIP][WPS][ESS],2017-11-07 16:52:27,11,-85,32.10515552,35.18385783,581,3,WIFI
c4:04:15:11:23:49,bzyashar10_5,[WPA2-PSK-CCMP][WPS][ESS],2017-11-07 16:52:30,60,-92,32.10515466,35.18385876,581,3,WIFI
c4:12:f5:fb:39:fc,ericayaniv,[WPA2-PSK-CCMP][ESS],2017-11-07 16:52:30,13,-94,32.10515466,35.18385876,581,3,WIFI
e8:94:f6:ce:bc:c3,Hadad,[WPA-PSK-CCMP][WPA2-PSK-CCMP][WPS][ESS],2017-11-07 16:52:40,6,-59,32.10516399,35.18386607,582,4,WIFI
e8:94:f6:ce:bc:c4,Hadad5,[WPA-PSK-CCMP][WPA2-PSK-CCMP][WPS][ESS],2017-11-07 16:52:40,36,-70,32.10516399,35.18386607,582,4,WIFI
e4:6f:13:6f:b5:e8,sar27,[WPA2-PSK-CCMP][ESS],2017-11-07 16:52:46,9,-73,32.10516422,35.18386692,582,5,WIFI
e8:94:f6:ce:bc:c3,Hadad,[WPA-PSK-CCMP][WPA2-PSK-CCMP][WPS][ESS],2017-11-07 16:54:30,6,-52,32.10516409,35.18386685,582,9,WIFI
e8:94:f6:ce:bc:c4,Hadad5,[WPA-PSK-CCMP][WPA2-PSK-CCMP][WPS][ESS],2017-11-07 16:54:30,36,-53,32.10516409,35.18386685,582,9,WIFI
e8:94:f6:ce:bc:c3,Hadad,[WPA-PSK-CCMP][WPA2-PSK-CCMP][WPS][ESS],2017-11-07 16:54:36,6,-46,32.10517257,35.18387268,582,10,WIFI
e8:94:f6:ce:bc:c4,Hadad5,[WPA-PSK-CCMP][WPA2-PSK-CCMP][WPS][ESS],2017-11-07 16:54:42,36,-44,32.10516986,35.1838989,580,9,WIFI
c4:04:15:11:23:48,bzyashar10,[WPA2-PSK-CCMP][WPS][ESS],2017-11-07 16:55:04,1,-92,32.10517443,35.18388926,580,10,WIFI
