WigleWifi-1.4,appRelease=2.26,model=Nexus 5,,,,,
MAC,SSID,AuthMode,FirstSeen,Channel,RSSI,CurrentLatitude,CurrentLongitude
1c:b9:c4:16:d2:8c,Ariel_University,[ESS],07/11/2017 15:49,44,-61,32.10346077,35.20928742
1c:b9:c4:16:28:ec,Ariel_University,[ESS],07/11/2017 15:49,52,-49,32.10346077,35.20928742
1c:b9:c4:16:d2:88,Ariel_University,[ESS],07/11/2017 15:49,11,-56,32.10346077,35.20928742
1c:b9:c4:16:28:e8,Ariel_University,[ESS],07/11/2017 15:49,1,-51,32.10346077,35.20928742
24:79:2a:2c:3d:68,Ariel_University,[ESS],07/11/2017 15:49,11,-73,32.10346077,35.20928742
24:79:2a:2c:3d:6c,Ariel_University,[ESS],07/11/2017 15:49,44,-77,32.10346077,35.20928742
1c:b9:c4:96:28:e7,,[WPA2-PSK-CCMP][ESS],07/11/2017 15:49,52,-50,32.10346077,35.20928742
ec:8c:a2:08:78:c8,Ariel_University,[ESS],07/11/2017 15:49,6,-82,32.10346077,35.20928742
34:8f:27:20:8c:18,Ariel_University,[ESS],07/11/2017 15:49,1,-77,32.10346077,35.20928742
24:79:2a:ac:3d:67,,[WPA2-PSK-CCMP][ESS],07/11/2017 15:49,44,-79,32.10346077,35.20928742
ec:8c:a2:08:78:cc,Ariel_University,[ESS],07/11/2017 15:49,40,-89,32.10346077,35.20928742
42501_7211_3084804,012 Mobile,UNKNOWN;il,07/11/2017 15:49,0,-113,32.10346077,35.20928742
00:25:86:cb:fd:f8,,[ESS],07/11/2017 15:49,9,-79,32.10346876,35.2092456
1c:b9:c4:12:90:b8,Ariel_University,[ESS],07/11/2017 15:49,11,-84,32.10346876,35.2092456
1c:b9:c4:12:90:bc,Ariel_University,[ESS],07/11/2017 15:49,40,-88,32.10346876,35.2092456
1c:b9:c4:16:e5:a8,Ariel_University,[ESS],07/11/2017 15:49,11,-84,32.10347186,35.20924617
30:e1:71:0d:e0:63,DIRECT-61-HP DeskJet 3630 series,[WPA2-PSK-CCMP][ESS],07/11/2017 15:49,6,-88,32.1031906,35.20937249
24:79:2a:2c:3d:68,Ariel_University,[ESS],07/11/2017 15:49,11,-64,32.10321513,35.20934597
ec:8c:a2:08:78:cc,Ariel_University,[ESS],07/11/2017 15:50,40,-83,32.10323218,35.20933875
c4:0b:cb:80:23:eb,Redmi,[WPA2-PSK-CCMP][ESS],07/11/2017 16:35,6,-71,32.10340108,35.20927671
c4:0b:cb:80:23:eb,Redmi,[WPA2-PSK-CCMP][ESS],01/01/1970 02:00,6,-87,32.03379073,35.23495692
1c:b9:c4:16:f1:58,Ariel_University,[ESS],01/01/1970 02:00,11,-88,32.05578272,35.22684378
8c:0c:90:6e:16:88,,[WPA2-PSK-CCMP][ESS],01/01/1970 02:00,8,-92,32.06673892,35.22280188
1c:b9:c4:16:f4:28,Ariel_University,[ESS],01/01/1970 02:00,11,-90,32.06742866,35.22254743
ec:8c:a2:88:78:c7,,[WPA2-PSK-CCMP][ESS],01/01/1970 02:00,40,-88,32.0730792,35.22046287
1c:b9:c4:16:d2:88,Ariel_University,[ESS],01/01/1970 02:00,11,-64,32.09979323,35.2106077
c4:0b:cb:80:23:eb,Redmi,[WPA2-PSK-CCMP][ESS],01/01/1970 02:00,6,-60,32.09979323,35.2106077
24:79:2a:2c:3d:68,Ariel_University,[ESS],01/01/1970 02:00,11,-71,32.09979323,35.2106077
1c:b9:c4:16:e5:a8,Ariel_University,[ESS],01/01/1970 02:00,11,-92,32.09979323,35.2106077
1c:b9:c4:16:d2:8c,Ariel_University,[ESS],01/01/1970 02:00,44,-69,32.0999524,35.21054898
1c:b9:c4:16:28:ec,Ariel_University,[ESS],01/01/1970 02:00,52,-57,32.0999524,35.21054898
1c:b9:c4:16:28:e8,Ariel_University,[ESS],01/01/1970 02:00,1,-57,32.0999524,35.21054898
1c:b9:c4:16:d2:88,Ariel_University,[ESS],01/01/1970 02:00,11,-61,32.0999524,35.21054898
c4:0b:cb:80:23:eb,Redmi,[WPA2-PSK-CCMP][ESS],01/01/1970 02:00,6,-60,32.0999524,35.21054898
24:79:2a:2c:3d:68,Ariel_University,[ESS],01/01/1970 02:00,11,-75,32.0999524,35.21054898
1c:b9:c4:16:e5:a8,Ariel_University,[ESS],01/01/1970 02:00,11,-92,32.0999524,35.21054898
1c:b9:c4:96:28:e7,,[WPA2-PSK-CCMP][ESS],01/01/1970 02:00,52,-57,32.0999524,35.21054898
24:79:2a:2c:3d:6c,Ariel_University,[ESS],01/01/1970 02:00,44,-84,32.0999524,35.21054898
1c:b9:c4:16:d2:8c,Ariel_University,[ESS],01/01/1970 02:00,44,-68,32.10011157,35.21049026
1c:b9:c4:16:28:ec,Ariel_University,[ESS],01/01/1970 02:00,52,-56,32.10011157,35.21049026
1c:b9:c4:16:28:e8,Ariel_University,[ESS],01/01/1970 02:00,1,-58,32.10011157,35.21049026
1c:b9:c4:16:d2:88,Ariel_University,[ESS],01/01/1970 02:00,11,-88,32.10011157,35.21049026
c4:0b:cb:80:23:eb,Redmi,[WPA2-PSK-CCMP][ESS],01/01/1970 02:00,6,-60,32.10011157,35.21049026
24:79:2a:2c:3d:68,Ariel_University,[ESS],01/01/1970 02:00,11,-75,32.10011157,35.21049026
1c:b9:c4:16:e5:a8,Ariel_University,[ESS],01/01/1970 02:00,11,-87,32.10011157,35.21049026
1c:b9:c4:96:28:e7,,[WPA2-PSK-CCMP][ESS],01/01/1970 02:00,52,-57,32.10011157,35.21049026
24:79:2a:2c:3d:6c,Ariel_University,[ESS],01/01/1970 02:00,44,-84,32.10011157,35.21049026
1c:b9:c4:16:d2:8c,Ariel_University,[ESS],01/01/1970 02:00,44,-69,32.10027074,35.21043154
1c:b9:c4:16:28:ec,Ariel_University,[ESS],01/01/1970 02:00,52,-59,32.10027074,35.21043154
1c:b9:c4:16:28:e8,Ariel_University,[ESS],01/01/1970 02:00,1,-57,32.10027074,35.21043154
1c:b9:c4:16:d2:88,Ariel_University,[ESS],01/01/1970 02:00,11,-66,32.10027074,35.21043154
24:79:2a:2c:3d:68,Ariel_University,[ESS],01/01/1970 02:00,11,-74,32.10027074,35.21043154
1c:b9:c4:16:e5:a8,Ariel_University,[ESS],01/01/1970 02:00,11,-87,32.10027074,35.21043154
1c:b9:c4:96:28:e7,,[WPA2-PSK-CCMP][ESS],01/01/1970 02:00,52,-59,32.10027074,35.21043154
24:79:2a:2c:3d:6c,Ariel_University,[ESS],01/01/1970 02:00,44,-86,32.10027074,35.21043154
24:79:2a:ac:3d:67,,[WPA2-PSK-CCMP][ESS],01/01/1970 02:00,44,-86,32.10027074,35.21043154
1c:b9:c4:16:d2:8c,Ariel_University,[ESS],01/01/1970 02:00,44,-69,32.10042991,35.21037282
1c:b9:c4:16:28:ec,Ariel_University,[ESS],01/01/1970 02:00,52,-55,32.10042991,35.21037282
1c:b9:c4:16:28:e8,Ariel_University,[ESS],01/01/1970 02:00,1,-59,32.10042991,35.21037282
1c:b9:c4:16:d2:88,Ariel_University,[ESS],01/01/1970 02:00,11,-64,32.10042991,35.21037282
24:79:2a:2c:3d:68,Ariel_University,[ESS],01/01/1970 02:00,11,-81,32.10042991,35.21037282
1c:b9:c4:96:28:e7,,[WPA2-PSK-CCMP][ESS],01/01/1970 02:00,52,-55,32.10042991,35.21037282
24:79:2a:2c:3d:6c,Ariel_University,[ESS],01/01/1970 02:00,44,-86,32.10042991,35.21037282
24:79:2a:ac:3d:67,,[WPA2-PSK-CCMP][ESS],01/01/1970 02:00,44,-86,32.10042991,35.21037282
c4:0b:cb:80:23:eb,Redmi,[WPA2-PSK-CCMP][ESS],01/01/1970 02:00,6,-60,32.10042991,35.21037282
34:8f:27:20:8c:18,Ariel_University,[ESS],01/01/1970 02:00,1,-84,32.10042991,35.21037282
1c:b9:c4:16:d2:8c,Ariel_University,[ESS],01/01/1970 02:00,44,-69,32.10058908,35.2103141
1c:b9:c4:16:28:ec,Ariel_University,[ESS],01/01/1970 02:00,52,-55,32.10058908,35.2103141
1c:b9:c4:16:28:e8,Ariel_University,[ESS],01/01/1970 02:00,1,-54,32.10058908,35.2103141
1c:b9:c4:16:d2:88,Ariel_University,[ESS],01/01/1970 02:00,11,-66,32.10058908,35.2103141
24:79:2a:2c:3d:68,Ariel_University,[ESS],01/01/1970 02:00,11,-81,32.10058908,35.2103141
1c:b9:c4:96:28:e7,,[WPA2-PSK-CCMP][ESS],01/01/1970 02:00,52,-55,32.10058908,35.2103141
c4:0b:cb:80:23:eb,Redmi,[WPA2-PSK-CCMP][ESS],01/01/1970 02:00,6,-61,32.10058908,35.2103141
34:8f:27:20:8c:18,Ariel_University,[ESS],01/01/1970 02:00,1,-85,32.10058908,35.2103141
ec:8c:a2:08:78:c8,Ariel_University,[ESS],01/01/1970 02:00,6,-85,32.10058908,35.2103141
1c:b9:c4:16:d2:8c,Ariel_University,[ESS],01/01/1970 02:00,44,-69,32.10074825,35.21025538
1c:b9:c4:16:28:ec,Ariel_University,[ESS],01/01/1970 02:00,52,-57,32.10074825,35.21025538
1c:b9:c4:16:28:e8,Ariel_University,[ESS],01/01/1970 02:00,1,-56,32.10074825,35.21025538
1c:b9:c4:16:d2:88,Ariel_University,[ESS],01/01/1970 02:00,11,-68,32.10074825,35.21025538
24:79:2a:2c:3d:68,Ariel_University,[ESS],01/01/1970 02:00,11,-74,32.10074825,35.21025538
1c:b9:c4:96:28:e7,,[WPA2-PSK-CCMP][ESS],01/01/1970 02:00,52,-58,32.10074825,35.21025538
c4:0b:cb:80:23:eb,Redmi,[WPA2-PSK-CCMP][ESS],01/01/1970 02:00,6,-64,32.10074825,35.21025538
34:8f:27:20:8c:18,Ariel_University,[ESS],01/01/1970 02:00,1,-85,32.10074825,35.21025538
ec:8c:a2:08:78:c8,Ariel_University,[ESS],01/01/1970 02:00,6,-85,32.10074825,35.21025538
24:79:2a:ac:3d:67,,[WPA2-PSK-CCMP][ESS],01/01/1970 02:00,44,-81,32.10074825,35.21025538
24:79:2a:2c:3d:6c,Ariel_University,[ESS],01/01/1970 02:00,44,-81,32.10074825,35.21025538
1c:b9:c4:16:d2:8c,Ariel_University,[ESS],01/01/1970 02:00,44,-68,32.10090742,35.21019666
1c:b9:c4:16:28:ec,Ariel_University,[ESS],01/01/1970 02:00,52,-54,32.10090742,35.21019666
1c:b9:c4:16:28:e8,Ariel_University,[ESS],01/01/1970 02:00,1,-55,32.10090742,35.21019666
1c:b9:c4:16:d2:88,Ariel_University,[ESS],01/01/1970 02:00,11,-65,32.10090742,35.21019666
24:79:2a:2c:3d:68,Ariel_University,[ESS],01/01/1970 02:00,11,-72,32.10090742,35.21019666
1c:b9:c4:96:28:e7,,[WPA2-PSK-CCMP][ESS],01/01/1970 02:00,52,-55,32.10090742,35.21019666
c4:0b:cb:80:23:eb,Redmi,[WPA2-PSK-CCMP][ESS],01/01/1970 02:00,6,-54,32.10090742,35.21019666
34:8f:27:20:8c:18,Ariel_University,[ESS],01/01/1970 02:00,1,-83,32.10090742,35.21019666
24:79:2a:ac:3d:67,,[WPA2-PSK-CCMP][ESS],01/01/1970 02:00,44,-81,32.10090742,35.21019666
24:79:2a:2c:3d:6c,Ariel_University,[ESS],01/01/1970 02:00,44,-77,32.10090742,35.21019666
1c:b9:c4:16:d2:8c,Ariel_University,[ESS],01/01/1970 02:00,44,-67,32.10106659,35.21013794
1c:b9:c4:16:28:ec,Ariel_University,[ESS],01/01/1970 02:00,52,-55,32.10106659,35.21013794
1c:b9:c4:16:28:e8,Ariel_University,[ESS],01/01/1970 02:00,1,-55,32.10106659,35.21013794
1c:b9:c4:16:d2:88,Ariel_University,[ESS],01/01/1970 02:00,11,-64,32.10106659,35.21013794
24:79:2a:2c:3d:68,Ariel_University,[ESS],01/01/1970 02:00,11,-72,32.10106659,35.21013794
1c:b9:c4:96:28:e7,,[WPA2-PSK-CCMP][ESS],01/01/1970 02:00,52,-55,32.10106659,35.21013794
c4:0b:cb:80:23:eb,Redmi,[WPA2-PSK-CCMP][ESS],01/01/1970 02:00,6,-64,32.10106659,35.21013794
34:8f:27:20:8c:18,Ariel_University,[ESS],01/01/1970 02:00,1,-83,32.10106659,35.21013794
24:79:2a:2c:3d:6c,Ariel_University,[ESS],01/01/1970 02:00,44,-81,32.10106659,35.21013794
1c:b9:c4:16:e5:a8,Ariel_University,[ESS],01/01/1970 02:00,11,-88,32.10106659,35.21013794
1c:b9:c4:16:d2:8c,Ariel_University,[ESS],01/01/1970 02:00,44,-69,32.10122576,35.21007922
1c:b9:c4:16:28:ec,Ariel_University,[ESS],01/01/1970 02:00,52,-56,32.10122576,35.21007922
1c:b9:c4:16:28:e8,Ariel_University,[ESS],01/01/1970 02:00,1,-55,32.10122576,35.21007922
1c:b9:c4:16:d2:88,Ariel_University,[ESS],01/01/1970 02:00,11,-64,32.10122576,35.21007922
24:79:2a:2c:3d:68,Ariel_University,[ESS],01/01/1970 02:00,11,-73,32.10122576,35.21007922
1c:b9:c4:96:28:e7,,[WPA2-PSK-CCMP][ESS],01/01/1970 02:00,52,-56,32.10122576,35.21007922
c4:0b:cb:80:23:eb,Redmi,[WPA2-PSK-CCMP][ESS],01/01/1970 02:00,6,-61,32.10122576,35.21007922
34:8f:27:20:8c:18,Ariel_University,[ESS],01/01/1970 02:00,1,-85,32.10122576,35.21007922
24:79:2a:2c:3d:6c,Ariel_University,[ESS],01/01/1970 02:00,44,-83,32.10122576,35.21007922
1c:b9:c4:16:e5:a8,Ariel_University,[ESS],01/01/1970 02:00,11,-88,32.10122576,35.21007922
24:79:2a:ac:3d:67,,[WPA2-PSK-CCMP][ESS],01/01/1970 02:00,44,-83,32.10122576,35.21007922
1c:b9:c4:16:d2:8c,Ariel_University,[ESS],01/01/1970 02:00,44,-68,32.10141146,35.21001071
1c:b9:c4:16:28:ec,Ariel_University,[ESS],01/01/1970 02:00,52,-56,32.10141146,35.21001071
1c:b9:c4:16:28:e8,Ariel_University,[ESS],01/01/1970 02:00,1,-53,32.10141146,35.21001071
1c:b9:c4:16:d2:88,Ariel_University,[ESS],01/01/1970 02:00,11,-63,32.10141146,35.21001071
24:79:2a:2c:3d:68,Ariel_University,[ESS],01/01/1970 02:00,11,-76,32.10141146,35.21001071
1c:b9:c4:96:28:e7,,[WPA2-PSK-CCMP][ESS],01/01/1970 02:00,52,-56,32.10141146,35.21001071
c4:0b:cb:80:23:eb,Redmi,[WPA2-PSK-CCMP][ESS],01/01/1970 02:00,6,-55,32.10141146,35.21001071
34:8f:27:20:8c:18,Ariel_University,[ESS],01/01/1970 02:00,1,-84,32.10141146,35.21001071
24:79:2a:2c:3d:6c,Ariel_University,[ESS],01/01/1970 02:00,44,-84,32.10141146,35.21001071
1c:b9:c4:16:e5:a8,Ariel_University,[ESS],01/01/1970 02:00,11,-89,32.10141146,35.21001071
24:79:2a:ac:3d:67,,[WPA2-PSK-CCMP][ESS],01/01/1970 02:00,44,-83,32.10141146,35.21001071
1c:b9:c4:16:d2:8c,Ariel_University,[ESS],01/01/1970 02:00,44,-68,32.10157063,35.20995199
1c:b9:c4:16:28:ec,Ariel_University,[ESS],01/01/1970 02:00,52,-56,32.10157063,35.20995199
1c:b9:c4:16:28:e8,Ariel_University,[ESS],01/01/1970 02:00,1,-53,32.10157063,35.20995199
1c:b9:c4:16:d2:88,Ariel_University,[ESS],01/01/1970 02:00,11,-67,32.10157063,35.20995199
24:79:2a:2c:3d:68,Ariel_University,[ESS],01/01/1970 02:00,11,-73,32.10157063,35.20995199
1c:b9:c4:96:28:e7,,[WPA2-PSK-CCMP][ESS],01/01/1970 02:00,52,-56,32.10157063,35.20995199
c4:0b:cb:80:23:eb,Redmi,[WPA2-PSK-CCMP][ESS],01/01/1970 02:00,6,-53,32.10157063,35.20995199
34:8f:27:20:8c:18,Ariel_University,[ESS],01/01/1970 02:00,1,-84,32.10157063,35.20995199
24:79:2a:2c:3d:6c,Ariel_University,[ESS],01/01/1970 02:00,44,-80,32.10157063,35.20995199
1c:b9:c4:16:e5:a8,Ariel_University,[ESS],01/01/1970 02:00,11,-90,32.10157063,35.20995199
1c:b9:c4:16:d2:8c,Ariel_University,[ESS],01/01/1970 02:00,44,-71,32.1017298,35.20989327
1c:b9:c4:16:28:ec,Ariel_University,[ESS],01/01/1970 02:00,52,-58,32.1017298,35.20989327
1c:b9:c4:16:28:e8,Ariel_University,[ESS],01/01/1970 02:00,1,-59,32.1017298,35.20989327
1c:b9:c4:16:d2:88,Ariel_University,[ESS],01/01/1970 02:00,11,-69,32.1017298,35.20989327
24:79:2a:2c:3d:68,Ariel_University,[ESS],01/01/1970 02:00,11,-71,32.1017298,35.20989327
1c:b9:c4:96:28:e7,,[WPA2-PSK-CCMP][ESS],01/01/1970 02:00,52,-58,32.1017298,35.20989327
c4:0b:cb:80:23:eb,Redmi,[WPA2-PSK-CCMP][ESS],01/01/1970 02:00,6,-68,32.1017298,35.20989327
34:8f:27:20:8c:18,Ariel_University,[ESS],01/01/1970 02:00,1,-84,32.1017298,35.20989327
24:79:2a:2c:3d:6c,Ariel_University,[ESS],01/01/1970 02:00,44,-80,32.1017298,35.20989327
1c:b9:c4:16:e5:a8,Ariel_University,[ESS],01/01/1970 02:00,11,-90,32.1017298,35.20989327
1c:b9:c4:16:d2:8c,Ariel_University,[ESS],01/01/1970 02:00,44,-72,32.10188897,35.20983455
1c:b9:c4:16:28:ec,Ariel_University,[ESS],01/01/1970 02:00,52,-58,32.10188897,35.20983455
1c:b9:c4:16:28:e8,Ariel_University,[ESS],01/01/1970 02:00,1,-58,32.10188897,35.20983455
1c:b9:c4:16:d2:88,Ariel_University,[ESS],01/01/1970 02:00,11,-66,32.10188897,35.20983455
24:79:2a:2c:3d:68,Ariel_University,[ESS],01/01/1970 02:00,11,-71,32.10188897,35.20983455
1c:b9:c4:96:28:e7,,[WPA2-PSK-CCMP][ESS],01/01/1970 02:00,52,-58,32.10188897,35.20983455
c4:0b:cb:80:23:eb,Redmi,[WPA2-PSK-CCMP][ESS],01/01/1970 02:00,6,-64,32.10188897,35.20983455
34:8f:27:20:8c:18,Ariel_University,[ESS],01/01/1970 02:00,1,-80,32.10188897,35.20983455
24:79:2a:2c:3d:6c,Ariel_University,[ESS],01/01/1970 02:00,44,-80,32.10188897,35.20983455
ec:8c:a2:08:78:c8,Ariel_University,[ESS],01/01/1970 02:00,6,-89,32.10188897,35.20983455
1c:b9:c4:16:d2:8c,Ariel_University,[ESS],01/01/1970 02:00,44,-72,32.10199508,35.2097954
1c:b9:c4:16:28:ec,Ariel_University,[ESS],01/01/1970 02:00,52,-56,32.10199508,35.2097954
1c:b9:c4:16:28:e8,Ariel_University,[ESS],01/01/1970 02:00,1,-55,32.10199508,35.2097954
1c:b9:c4:16:d2:88,Ariel_University,[ESS],01/01/1970 02:00,11,-67,32.10199508,35.2097954
24:79:2a:2c:3d:68,Ariel_University,[ESS],01/01/1970 02:00,11,-73,32.10199508,35.2097954
1c:b9:c4:96:28:e7,,[WPA2-PSK-CCMP][ESS],01/01/1970 02:00,52,-56,32.10199508,35.2097954
c4:0b:cb:80:23:eb,Redmi,[WPA2-PSK-CCMP][ESS],01/01/1970 02:00,6,-59,32.10199508,35.2097954
34:8f:27:20:8c:18,Ariel_University,[ESS],01/01/1970 02:00,1,-86,32.10199508,35.2097954
24:79:2a:2c:3d:6c,Ariel_University,[ESS],01/01/1970 02:00,44,-85,32.10199508,35.2097954
ec:8c:a2:08:78:c8,Ariel_University,[ESS],01/01/1970 02:00,6,-89,32.10199508,35.2097954
24:79:2a:ac:3d:67,,[WPA2-PSK-CCMP][ESS],01/01/1970 02:00,44,-85,32.10199508,35.2097954
1c:b9:c4:16:d2:8c,Ariel_University,[ESS],01/01/1970 02:00,44,-67,32.10212772,35.20974647
1c:b9:c4:16:28:ec,Ariel_University,[ESS],01/01/1970 02:00,52,-55,32.10212772,35.20974647
1c:b9:c4:16:28:e8,Ariel_University,[ESS],01/01/1970 02:00,1,-63,32.10212772,35.20974647
1c:b9:c4:16:d2:88,Ariel_University,[ESS],01/01/1970 02:00,11,-65,32.10212772,35.20974647
24:79:2a:2c:3d:68,Ariel_University,[ESS],01/01/1970 02:00,11,-76,32.10212772,35.20974647
1c:b9:c4:96:28:e7,,[WPA2-PSK-CCMP][ESS],01/01/1970 02:00,52,-56,32.10212772,35.20974647
c4:0b:cb:80:23:eb,Redmi,[WPA2-PSK-CCMP][ESS],01/01/1970 02:00,6,-53,32.10212772,35.20974647
34:8f:27:20:8c:18,Ariel_University,[ESS],01/01/1970 02:00,1,-86,32.10212772,35.20974647
24:79:2a:2c:3d:6c,Ariel_University,[ESS],01/01/1970 02:00,44,-85,32.10212772,35.20974647
24:79:2a:ac:3d:67,,[WPA2-PSK-CCMP][ESS],01/01/1970 02:00,44,-85,32.10212772,35.20974647
ec:8c:a2:08:78:cc,Ariel_University,[ESS],01/01/1970 02:00,40,-89,32.10212772,35.20974647
1c:b9:c4:16:d2:8c,Ariel_University,[ESS],01/01/1970 02:00,44,-63,32.10228689,35.20968775
1c:b9:c4:16:28:ec,Ariel_University,[ESS],01/01/1970 02:00,52,-54,32.10228689,35.20968775
1c:b9:c4:16:28:e8,Ariel_University,[ESS],01/01/1970 02:00,1,-51,32.10228689,35.20968775
1c:b9:c4:16:d2:88,Ariel_University,[ESS],01/01/1970 02:00,11,-62,32.10228689,35.20968775
24:79:2a:2c:3d:68,Ariel_University,[ESS],01/01/1970 02:00,11,-75,32.10228689,35.20968775
1c:b9:c4:96:28:e7,,[WPA2-PSK-CCMP][ESS],01/01/1970 02:00,52,-54,32.10228689,35.20968775
c4:0b:cb:80:23:eb,Redmi,[WPA2-PSK-CCMP][ESS],01/01/1970 02:00,6,-59,32.10228689,35.20968775
24:79:2a:2c:3d:6c,Ariel_University,[ESS],01/01/1970 02:00,44,-83,32.10228689,35.20968775
ec:8c:a2:08:78:cc,Ariel_University,[ESS],01/01/1970 02:00,40,-88,32.10228689,35.20968775
1c:b9:c4:16:e5:a8,Ariel_University,[ESS],01/01/1970 02:00,11,-87,32.10228689,35.20968775
1c:b9:c4:16:d2:8c,Ariel_University,[ESS],01/01/1970 02:00,44,-54,32.10244606,35.20962903
1c:b9:c4:16:28:ec,Ariel_University,[ESS],01/01/1970 02:00,52,-49,32.10244606,35.20962903
1c:b9:c4:16:28:e8,Ariel_University,[ESS],01/01/1970 02:00,1,-47,32.10244606,35.20962903
1c:b9:c4:16:d2:88,Ariel_University,[ESS],01/01/1970 02:00,11,-88,32.10244606,35.20962903
24:79:2a:2c:3d:68,Ariel_University,[ESS],01/01/1970 02:00,11,-71,32.10244606,35.20962903
1c:b9:c4:96:28:e7,,[WPA2-PSK-CCMP][ESS],01/01/1970 02:00,52,-49,32.10244606,35.20962903
c4:0b:cb:80:23:eb,Redmi,[WPA2-PSK-CCMP][ESS],01/01/1970 02:00,6,-54,32.10244606,35.20962903
24:79:2a:2c:3d:6c,Ariel_University,[ESS],01/01/1970 02:00,44,-76,32.10244606,35.20962903
ec:8c:a2:08:78:cc,Ariel_University,[ESS],01/01/1970 02:00,40,-88,32.10244606,35.20962903
1c:b9:c4:16:e5:a8,Ariel_University,[ESS],01/01/1970 02:00,11,-90,32.10244606,35.20962903
1c:b9:c4:96:d2:87,,[WPA2-PSK-CCMP][ESS],01/01/1970 02:00,44,-56,32.10244606,35.20962903
8c:0c:90:ae:16:83,,[WPA2-PSK-CCMP][ESS],01/01/1970 02:00,8,-89,32.10244606,35.20962903
8c:0c:90:6e:16:88,,[WPA2-PSK-CCMP][ESS],01/01/1970 02:00,8,-92,32.10244606,35.20962903
1c:b9:c4:12:90:b8,Ariel_University,[ESS],01/01/1970 02:00,11,-87,32.10244606,35.20962903
1c:b9:c4:16:d2:8c,Ariel_University,[ESS],01/01/1970 02:00,44,-58,32.10260523,35.20957031
1c:b9:c4:16:28:ec,Ariel_University,[ESS],01/01/1970 02:00,52,-40,32.10260523,35.20957031
1c:b9:c4:16:28:e8,Ariel_University,[ESS],01/01/1970 02:00,1,-40,32.10260523,35.20957031
1c:b9:c4:16:d2:88,Ariel_University,[ESS],01/01/1970 02:00,11,-60,32.10260523,35.20957031
24:79:2a:2c:3d:68,Ariel_University,[ESS],01/01/1970 02:00,11,-73,32.10260523,35.20957031
1c:b9:c4:96:28:e7,,[WPA2-PSK-CCMP][ESS],01/01/1970 02:00,52,-49,32.10260523,35.20957031
c4:0b:cb:80:23:eb,Redmi,[WPA2-PSK-CCMP][ESS],01/01/1970 02:00,6,-54,32.10260523,35.20957031
24:79:2a:2c:3d:6c,Ariel_University,[ESS],01/01/1970 02:00,44,-80,32.10260523,35.20957031
1c:b9:c4:16:e5:a8,Ariel_University,[ESS],01/01/1970 02:00,11,-90,32.10260523,35.20957031
1c:b9:c4:96:d2:87,,[WPA2-PSK-CCMP][ESS],01/01/1970 02:00,44,-56,32.10260523,35.20957031
8c:0c:90:ae:16:83,,[WPA2-PSK-CCMP][ESS],01/01/1970 02:00,8,-89,32.10260523,35.20957031
8c:0c:90:6e:16:88,,[WPA2-PSK-CCMP][ESS],01/01/1970 02:00,8,-92,32.10260523,35.20957031
1c:b9:c4:12:90:b8,Ariel_University,[ESS],01/01/1970 02:00,11,-87,32.10260523,35.20957031
1c:b9:c4:16:d2:8c,Ariel_University,[ESS],01/01/1970 02:00,44,-52,32.1027644,35.20951159
1c:b9:c4:16:28:ec,Ariel_University,[ESS],01/01/1970 02:00,52,-46,32.1027644,35.20951159
1c:b9:c4:16:28:e8,Ariel_University,[ESS],01/01/1970 02:00,1,-50,32.1027644,35.20951159
1c:b9:c4:16:d2:88,Ariel_University,[ESS],01/01/1970 02:00,11,-52,32.1027644,35.20951159
24:79:2a:2c:3d:68,Ariel_University,[ESS],01/01/1970 02:00,11,-68,32.1027644,35.20951159
1c:b9:c4:96:28:e7,,[WPA2-PSK-CCMP][ESS],01/01/1970 02:00,52,-46,32.1027644,35.20951159
c4:0b:cb:80:23:eb,Redmi,[WPA2-PSK-CCMP][ESS],01/01/1970 02:00,6,-52,32.1027644,35.20951159
24:79:2a:2c:3d:6c,Ariel_University,[ESS],01/01/1970 02:00,44,-73,32.1027644,35.20951159
1c:b9:c4:16:d2:8c,Ariel_University,[ESS],01/01/1970 02:00,44,-40,32.10292357,35.20945287
1c:b9:c4:16:28:ec,Ariel_University,[ESS],01/01/1970 02:00,52,-61,32.10292357,35.20945287
1c:b9:c4:16:28:e8,Ariel_University,[ESS],01/01/1970 02:00,1,-63,32.10292357,35.20945287
1c:b9:c4:16:d2:88,Ariel_University,[ESS],01/01/1970 02:00,11,-42,32.10292357,35.20945287
24:79:2a:2c:3d:68,Ariel_University,[ESS],01/01/1970 02:00,11,-81,32.10292357,35.20945287
1c:b9:c4:96:28:e7,,[WPA2-PSK-CCMP][ESS],01/01/1970 02:00,52,-61,32.10292357,35.20945287
c4:0b:cb:80:23:eb,Redmi,[WPA2-PSK-CCMP][ESS],01/01/1970 02:00,6,-65,32.10292357,35.20945287
24:79:2a:2c:3d:6c,Ariel_University,[ESS],01/01/1970 02:00,44,-73,32.10292357,35.20945287
1c:b9:c4:96:d2:87,,[WPA2-PSK-CCMP][ESS],01/01/1970 02:00,44,-40,32.10292357,35.20945287
34:8f:27:20:8c:18,Ariel_University,[ESS],01/01/1970 02:00,1,-75,32.10292357,35.20945287
34:8f:27:20:8c:1c,Ariel_University,[ESS],01/01/1970 02:00,36,-88,32.10292357,35.20945287
1c:b9:c4:16:d2:8c,Ariel_University,[ESS],01/01/1970 02:00,44,-41,32.10308274,35.20939415
1c:b9:c4:16:28:ec,Ariel_University,[ESS],01/01/1970 02:00,52,-66,32.10308274,35.20939415
1c:b9:c4:16:28:e8,Ariel_University,[ESS],01/01/1970 02:00,1,-63,32.10308274,35.20939415
1c:b9:c4:16:d2:88,Ariel_University,[ESS],01/01/1970 02:00,11,-45,32.10308274,35.20939415
24:79:2a:2c:3d:68,Ariel_University,[ESS],01/01/1970 02:00,11,-87,32.10308274,35.20939415
1c:b9:c4:96:28:e7,,[WPA2-PSK-CCMP][ESS],01/01/1970 02:00,52,-61,32.10308274,35.20939415
c4:0b:cb:80:23:eb,Redmi,[WPA2-PSK-CCMP][ESS],01/01/1970 02:00,6,-63,32.10308274,35.20939415
1c:b9:c4:96:d2:87,,[WPA2-PSK-CCMP][ESS],01/01/1970 02:00,44,-40,32.10308274,35.20939415
34:8f:27:20:8c:18,Ariel_University,[ESS],01/01/1970 02:00,1,-76,32.10308274,35.20939415
34:8f:27:20:8c:1c,Ariel_University,[ESS],01/01/1970 02:00,36,-86,32.10308274,35.20939415
1c:b9:c4:16:d2:8c,Ariel_University,[ESS],01/01/1970 02:00,44,-52,32.10324191,35.20933543
1c:b9:c4:16:28:ec,Ariel_University,[ESS],01/01/1970 02:00,52,-74,32.10324191,35.20933543
1c:b9:c4:16:28:e8,Ariel_University,[ESS],01/01/1970 02:00,1,-71,32.10324191,35.20933543
1c:b9:c4:16:d2:88,Ariel_University,[ESS],01/01/1970 02:00,11,-53,32.10324191,35.20933543
24:79:2a:2c:3d:68,Ariel_University,[ESS],01/01/1970 02:00,11,-87,32.10324191,35.20933543
1c:b9:c4:96:28:e7,,[WPA2-PSK-CCMP][ESS],01/01/1970 02:00,52,-74,32.10324191,35.20933543
c4:0b:cb:80:23:eb,Redmi,[WPA2-PSK-CCMP][ESS],01/01/1970 02:00,6,-71,32.10324191,35.20933543
34:8f:27:20:8c:18,Ariel_University,[ESS],01/01/1970 02:00,1,-76,32.10324191,35.20933543
34:8f:27:20:8c:1c,Ariel_University,[ESS],01/01/1970 02:00,36,-86,32.10324191,35.20933543
1c:b9:c4:16:d2:8c,Ariel_University,[ESS],07/11/2017 16:36,44,-80,32.10336432,35.20922654
1c:b9:c4:16:28:e8,Ariel_University,[ESS],07/11/2017 16:36,1,-87,32.10336432,35.20922654
1c:b9:c4:16:d2:88,Ariel_University,[ESS],07/11/2017 16:36,11,-79,32.10336432,35.20922654
24:79:2a:2c:3d:68,Ariel_University,[ESS],07/11/2017 16:36,11,-84,32.10336432,35.20922654
c4:0b:cb:80:23:eb,Redmi,[WPA2-PSK-CCMP][ESS],07/11/2017 16:36,6,-89,32.10336432,35.20922654
34:8f:27:20:8c:18,Ariel_University,[ESS],07/11/2017 16:36,1,-87,32.10336432,35.20922654
34:8f:27:20:8c:1c,Ariel_University,[ESS],07/11/2017 16:36,36,-81,32.10336432,35.20922654
24:79:2a:2c:3d:6c,Ariel_University,[ESS],07/11/2017 16:36,44,-83,32.10336432,35.20922654
ec:8c:a2:08:94:1c,Ariel_University,[ESS],07/11/2017 16:36,40,-87,32.10336432,35.20922654
ec:8c:a2:08:94:18,Ariel_University,[ESS],07/11/2017 16:36,1,-84,32.10336432,35.20922654
34:8f:27:20:8c:18,Ariel_University,[ESS],07/11/2017 16:36,1,-76,32.10337082,35.20923012
1c:b9:c4:12:7c:c8,Ariel_University,[ESS],07/11/2017 16:36,11,-85,32.10337082,35.20923012
ec:8c:a2:08:94:1c,Ariel_University,[ESS],07/11/2017 16:36,40,-74,32.10340027,35.20921522
ec:8c:a2:08:94:18,Ariel_University,[ESS],07/11/2017 16:36,1,-73,32.10340027,35.20921522
ec:8c:a2:08:78:cc,Ariel_University,[ESS],07/11/2017 16:36,40,-62,32.10340027,35.20921522
ec:8c:a2:08:78:c8,Ariel_University,[ESS],07/11/2017 16:36,6,-63,32.10340027,35.20921522
1c:b9:c4:16:28:ec,Ariel_University,[ESS],07/11/2017 16:36,52,-85,32.10340027,35.20921522
1c:b9:c4:16:13:08,Ariel_University,[ESS],07/11/2017 16:36,11,-86,32.10340027,35.20921522
ec:8c:a2:08:78:c8,Ariel_University,[ESS],07/11/2017 16:36,6,-56,32.10351766,35.20926522
1c:b9:c4:16:13:08,Ariel_University,[ESS],07/11/2017 16:36,11,-68,32.10351766,35.20926522
ec:8c:a2:88:94:17,,[WPA2-PSK-CCMP][ESS],07/11/2017 16:36,40,-76,32.10351766,35.20926522
fc:3f:db:9c:43:33,DIRECT-32-HP DeskJet 3630 series,[WPA2-PSK-CCMP][ESS],07/11/2017 16:36,6,-85,32.10351766,35.20926522
1c:b9:c4:16:13:0c,Ariel_University,[ESS],07/11/2017 16:36,44,-69,32.10351766,35.20926522
1c:b9:c4:16:28:e8,Ariel_University,[ESS],07/11/2017 16:36,1,-76,32.10351766,35.20926522
1c:b9:c4:16:f1:58,Ariel_University,[ESS],07/11/2017 16:36,11,-88,32.10351766,35.20926522
1c:b9:c4:16:e5:a8,Ariel_University,[ESS],07/11/2017 16:36,11,-90,32.10351766,35.20926522
1c:b9:c4:16:28:ec,Ariel_University,[ESS],07/11/2017 16:36,52,-80,32.10352494,35.20924887
1c:b9:c4:16:13:0c,Ariel_University,[ESS],07/11/2017 16:36,44,-62,32.10352494,35.20924887
1c:b9:c4:96:28:e7,,[WPA2-PSK-CCMP][ESS],07/11/2017 16:36,52,-80,32.10352494,35.20924887
1c:b9:c4:16:13:08,Ariel_University,[ESS],07/11/2017 16:36,11,-50,32.10357187,35.20926382
fc:3f:db:9c:43:33,DIRECT-32-HP DeskJet 3630 series,[WPA2-PSK-CCMP][ESS],07/11/2017 16:36,6,-69,32.10357187,35.20926382
8c:0c:90:2e:16:88,Ariel_University,[ESS],07/11/2017 16:36,8,-76,32.10361224,35.20931186
30:e1:71:0d:e0:63,DIRECT-61-HP DeskJet 3630 series,[WPA2-PSK-CCMP][ESS],07/11/2017 16:36,6,-81,32.10362199,35.20935268
8c:0c:90:ae:16:83,,[WPA2-PSK-CCMP][ESS],07/11/2017 16:36,8,-82,32.10362199,35.20935268
8c:0c:90:6e:16:88,,[WPA2-PSK-CCMP][ESS],07/11/2017 16:36,8,-82,32.10362199,35.20935268
1c:b9:c4:16:12:ec,Ariel_University,[ESS],07/11/2017 16:36,36,-85,32.10362199,35.20935268
1c:b9:c4:16:12:e8,Ariel_University,[ESS],07/11/2017 16:36,11,-83,32.10362199,35.20935268
1c:b9:c4:16:12:ec,Ariel_University,[ESS],07/11/2017 16:37,36,-68,32.10365343,35.2094571
1c:b9:c4:16:12:e8,Ariel_University,[ESS],07/11/2017 16:37,11,-71,32.10365343,35.2094571
1c:b9:c4:96:12:e7,,[WPA2-PSK-CCMP][ESS],07/11/2017 16:37,36,-70,32.10365343,35.2094571
1c:b9:c4:16:12:ec,Ariel_University,[ESS],07/11/2017 16:37,36,-60,32.10365343,35.2094571
1c:b9:c4:16:12:e8,Ariel_University,[ESS],07/11/2017 16:37,11,-65,32.10365343,35.2094571
1c:b9:c4:15:0f:38,Ariel_University,[ESS],07/11/2017 16:37,1,-90,32.10365343,35.2094571
a0:8c:fd:0a:24:56,DIRECT-13-HP DeskJet 3630 series,[WPA2-PSK-CCMP][ESS],07/11/2017 16:37,6,-86,32.10367277,35.20957627
1c:b9:c4:15:ed:b8,IT-MNG,[WPA2-PSK-CCMP+TKIP][ESS],07/11/2017 16:37,1,-87,32.10367277,35.20957627
1c:b9:c4:16:ed:48,Ariel_University,[ESS],07/11/2017 16:37,6,-83,32.10367277,35.20957627
1c:b9:c4:16:ed:4c,Ariel_University,[ESS],07/11/2017 16:37,36,-91,32.10367277,35.20957627
1c:b9:c4:16:06:b8,Ariel_University,[ESS],07/11/2017 16:37,1,-91,32.10367277,35.20957627
1c:b9:c4:15:ed:b8,IT-MNG,[WPA2-PSK-CCMP+TKIP][ESS],07/11/2017 16:37,1,-77,32.10370551,35.20960778
1c:b9:c4:16:ed:48,Ariel_University,[ESS],07/11/2017 16:37,6,-73,32.10370551,35.20960778
1c:b9:c4:16:ed:4c,Ariel_University,[ESS],07/11/2017 16:37,36,-78,32.10370551,35.20960778
1c:b9:c4:16:06:b8,Ariel_University,[ESS],07/11/2017 16:37,1,-83,32.10370551,35.20960778
1c:b9:c4:95:ed:b7,,[WPA2-PSK-CCMP][ESS],07/11/2017 16:37,48,-70,32.10370551,35.20960778
1c:b9:c4:15:ed:bc,IT-MNG,[WPA2-PSK-CCMP+TKIP][ESS],07/11/2017 16:37,48,-70,32.10370551,35.20960778
3c:52:82:ef:d4:52,DIRECT-51-HP DeskJet 3630 series,[WPA2-PSK-CCMP][ESS],07/11/2017 16:37,6,-84,32.10370551,35.20960778
1c:b9:c4:16:06:bc,Ariel_University,[ESS],07/11/2017 16:37,36,-85,32.10370551,35.20960778
a0:8c:fd:0a:24:56,DIRECT-13-HP DeskJet 3630 series,[WPA2-PSK-CCMP][ESS],07/11/2017 16:37,6,-80,32.10372606,35.20963847
1c:b9:c4:15:ed:b8,IT-MNG,[WPA2-PSK-CCMP+TKIP][ESS],07/11/2017 16:37,1,-63,32.10372606,35.20963847
1c:b9:c4:15:1c:bc,Ariel_University,[ESS],07/11/2017 16:37,36,-85,32.10372606,35.20963847
1c:b9:c4:15:1c:b8,Ariel_University,[ESS],07/11/2017 16:37,1,-85,32.10372606,35.20963847
1c:b9:c4:16:ed:48,Ariel_University,[ESS],07/11/2017 16:37,6,-63,32.10375149,35.20973538
1c:b9:c4:16:ed:4c,Ariel_University,[ESS],07/11/2017 16:37,36,-65,32.10375149,35.20973538
1c:b9:c4:16:06:b8,Ariel_University,[ESS],07/11/2017 16:37,1,-74,32.10375149,35.20973538
1c:b9:c4:15:ed:bc,IT-MNG,[WPA2-PSK-CCMP+TKIP][ESS],07/11/2017 16:37,48,-61,32.10375149,35.20973538
1c:b9:c4:16:06:bc,Ariel_University,[ESS],07/11/2017 16:37,36,-80,32.10375149,35.20973538
1c:b9:c4:96:ed:47,,[WPA2-PSK-CCMP][ESS],07/11/2017 16:37,36,-80,32.10375961,35.20979334
3c:52:82:ef:a4:8b,DIRECT-8A-HP DeskJet 3630 series,[WPA2-PSK-CCMP][ESS],07/11/2017 16:37,6,-78,32.10379879,35.209831
24:79:2a:2c:5b:d8,Ariel_University,[ESS],07/11/2017 16:37,1,-81,32.10379879,35.209831
1c:b9:c4:16:1d:7c,Ariel_University,[ESS],07/11/2017 16:37,44,-89,32.10379879,35.209831
1c:b9:c4:16:e5:ac,Ariel_University,[ESS],07/11/2017 16:37,52,-90,32.10379879,35.209831
24:79:2a:2b:07:b8,Ariel_University,[ESS],07/11/2017 16:37,11,-87,32.10379879,35.209831
10:0d:7f:99:32:5e,Bezeq-n_325E,[WPS][ESS],07/11/2017 16:37,11,-88,32.10379879,35.209831
1c:b9:c4:16:1d:78,Ariel_University,[ESS],07/11/2017 16:37,11,-89,32.10379879,35.209831
1c:b9:c4:16:06:b8,Ariel_University,[ESS],07/11/2017 16:37,1,-68,32.10382447,35.20987842
58:70:c6:f5:85:bb,YICarCam_f585bb,[WPA2-PSK-CCMP][WPS][ESS],07/11/2017 16:37,7,-73,32.10382447,35.20987842
60:e3:27:7b:e0:98,HelpDesk,[WPA-PSK-CCMP+TKIP][WPA2-PSK-CCMP+TKIP][WPS][ESS],07/11/2017 16:37,4,-88,32.10382447,35.20987842
1c:b9:c4:15:fd:4c,Ariel_University,[ESS],07/11/2017 16:37,44,-90,32.10382447,35.20987842
24:79:2a:2b:07:b8,Ariel_University,[ESS],07/11/2017 16:37,11,-80,32.10386403,35.20990656
1c:b9:c4:16:1d:78,Ariel_University,[ESS],07/11/2017 16:37,11,-82,32.10386403,35.20990656
1c:b9:c4:16:06:bc,Ariel_University,[ESS],07/11/2017 16:37,36,-68,32.10386403,35.20990656
24:79:2a:2c:5b:dc,Ariel_University,[ESS],07/11/2017 16:37,36,-87,32.10386403,35.20990656
24:79:2a:2b:bd:88,Ariel_University,[ESS],07/11/2017 16:37,11,-89,32.10386403,35.20990656
1c:b9:c4:15:fd:48,Ariel_University,[ESS],07/11/2017 16:37,1,-90,32.10386403,35.20990656
3c:52:82:ef:a4:8b,DIRECT-8A-HP DeskJet 3630 series,[WPA2-PSK-CCMP][ESS],07/11/2017 16:37,6,-70,32.10392389,35.2099147
24:79:2a:2b:07:b8,Ariel_University,[ESS],07/11/2017 16:37,11,-74,32.10392389,35.2099147
00:1d:aa:81:d8:3c,KCG-ADSL,[WPA2-PSK-CCMP][WPS][ESS],07/11/2017 16:37,3,-88,32.10392389,35.2099147
24:79:2a:2b:07:bc,Ariel_University,[ESS],07/11/2017 16:37,36,-80,32.10392389,35.2099147
24:79:2a:2c:5c:18,Ariel_University,[ESS],07/11/2017 16:37,11,-84,32.10392389,35.2099147
1c:b9:c4:16:06:b8,Ariel_University,[ESS],07/11/2017 16:38,1,-59,32.10398031,35.20997699
3c:52:82:ef:a4:8b,DIRECT-8A-HP DeskJet 3630 series,[WPA2-PSK-CCMP][ESS],07/11/2017 16:38,6,-64,32.10398031,35.20997699
24:79:2a:2b:07:b8,Ariel_University,[ESS],07/11/2017 16:38,11,-66,32.10398031,35.20997699
24:79:2a:2c:5c:1c,Ariel_University,[ESS],07/11/2017 16:38,36,-87,32.10398031,35.20997699
58:70:c6:f5:85:bb,YICarCam_f585bb,[WPA2-PSK-CCMP][WPS][ESS],07/11/2017 16:38,7,-66,32.10397286,35.2100233
24:79:2a:2c:5c:18,Ariel_University,[ESS],07/11/2017 16:38,11,-73,32.10397286,35.2100233
24:79:2a:2c:5c:1c,Ariel_University,[ESS],07/11/2017 16:38,36,-77,32.10397286,35.2100233
30:e1:71:0d:e0:67,DIRECT-66-HP DeskJet 3630 series,[WPA2-PSK-CCMP][ESS],07/11/2017 16:38,6,-89,32.10397286,35.2100233
24:79:2a:2b:07:bc,Ariel_University,[ESS],07/11/2017 16:38,36,-68,32.10397684,35.21003986
24:79:2a:ab:07:b7,,[WPA2-PSK-CCMP][ESS],07/11/2017 16:38,36,-75,32.10397684,35.21003986
24:79:2a:ab:bd:87,,[WPA2-PSK-CCMP][ESS],07/11/2017 16:38,44,-87,32.10397684,35.21003986
24:79:2a:2b:bd:8c,Ariel_University,[ESS],07/11/2017 16:38,44,-87,32.10397684,35.21003986
24:79:2a:2c:5c:18,Ariel_University,[ESS],07/11/2017 16:38,11,-66,32.10397099,35.21005061
24:79:2a:2c:5c:1c,Ariel_University,[ESS],07/11/2017 16:38,36,-71,32.10397099,35.21005061
24:79:2a:2c:5c:1c,Ariel_University,[ESS],07/11/2017 16:38,36,-66,32.10397261,35.21006123
24:79:2a:2b:bd:8c,Ariel_University,[ESS],07/11/2017 16:38,44,-82,32.10396651,35.21008354
1c:b9:c4:96:06:b7,,[WPA2-PSK-CCMP][ESS],07/11/2017 16:38,36,-75,32.10396651,35.21008354
24:79:2a:2b:bd:88,Ariel_University,[ESS],07/11/2017 16:38,11,-77,32.10396651,35.21008354
1c:b9:c4:16:ed:3c,Ariel_University,[ESS],07/11/2017 16:38,44,-90,32.10396651,35.21008354
60:e3:27:7b:e0:98,HelpDesk,[WPA-PSK-CCMP+TKIP][WPA2-PSK-CCMP+TKIP][WPS][ESS],07/11/2017 16:38,4,-83,32.10388306,35.21016085
24:79:2a:2b:bd:8c,Ariel_University,[ESS],07/11/2017 16:38,44,-76,32.10384327,35.21023422
42501_7211_3084804,012 Mobile,UNKNOWN;il,07/11/2017 16:39,0,-113,32.10385561,35.21030065
ac:37:43:4a:02:e0,shazz2,[WPA2-PSK-CCMP][ESS],07/11/2017 16:39,6,-92,32.10408434,35.21084895
8c:0c:90:2e:e8:18,Ariel_University,[ESS],07/11/2017 16:39,6,-79,32.10408434,35.21084895
42501_7211_3084801,012 Mobile,UNKNOWN;il,07/11/2017 16:39,0,-113,32.10408434,35.21084895
1c:b9:c4:15:44:88,Ariel_University,[ESS],07/11/2017 16:39,6,-91,32.10504917,35.21182822
42501_7211_3084801,012 Mobile,UNKNOWN;il,07/11/2017 16:39,0,-113,32.10523743,35.21193684
1c:b9:c4:15:fd:e8,IT-MNG,[WPA2-PSK-CCMP+TKIP][ESS],07/11/2017 16:39,6,-90,32.1056504,35.21208279
1c:b9:c4:55:fd:e8,Ariel_University,[ESS],07/11/2017 16:39,6,-89,32.1056504,35.21208279
00:27:19:13:fc:a4,KCG_20,[ESS],07/11/2017 16:39,11,-92,32.1056504,35.21208279
1c:b9:c4:16:cd:1c,Ariel_University,[ESS],07/11/2017 16:40,36,-86,32.10591602,35.21219838
00:1a:dd:e3:06:04,afikim-wifi,[ESS],07/11/2017 16:40,1,-87,32.10596009,35.21078653
42501_7211_3084801,012 Mobile,UNKNOWN;il,07/11/2017 16:40,0,-113,32.10596009,35.21078653
1c:b9:c4:15:44:58,Ariel_University,[ESS],07/11/2017 16:40,11,-90,32.10580937,35.2101997
08:97:58:33:88:de,MiFi_24873125,[WPA-PSK-CCMP][WPS][ESS],07/11/2017 16:40,1,-87,32.10560869,35.20955798
00:1a:2f:7f:6b:70,,[WPA2-PSK-CCMP][ESS],07/11/2017 16:40,13,-90,32.10560869,35.20955798
42501_7211_3084801,012 Mobile,UNKNOWN;il,07/11/2017 16:40,0,-113,32.10560869,35.20955798
42501_7211_3084804,012 Mobile,UNKNOWN;il,07/11/2017 16:41,0,-113,32.10490802,35.20855794
24:1f:a0:1d:48:fb,HUAWEI_Grace_A9A9,[WPA2-PSK-CCMP][ESS],07/11/2017 16:41,6,-92,32.10486432,35.20848134
ec:8c:a2:09:da:6c,Ariel_University,[ESS],07/11/2017 16:41,36,-90,32.10502349,35.20779478
f0:b0:52:3e:d6:f8,Ariel_University,[ESS],07/11/2017 16:41,6,-87,32.10527139,35.20765344
f0:b0:52:3e:da:1c,Ariel_University,[ESS],07/11/2017 16:41,58,-92,32.105511,35.20745502
ec:8c:a2:26:d2:c8,Ariel_University,[ESS],07/11/2017 16:41,11,-88,32.105511,35.20745502
f0:b0:52:3e:d0:38,Ariel_University,[ESS],07/11/2017 16:41,11,-93,32.105511,35.20745502
42501_7211_3084804,012 Mobile,UNKNOWN;il,07/11/2017 16:41,0,-113,32.105511,35.20745502
f0:b0:52:3e:d3:7c,Ariel_University,[ESS],07/11/2017 16:42,36,-85,32.10572271,35.20721414
f0:b0:52:3e:c7:bc,Ariel_University,[ESS],07/11/2017 16:42,44,-89,32.10572271,35.20721414
f0:b0:52:3e:d6:fc,Ariel_University,[ESS],07/11/2017 16:42,44,-90,32.10572271,35.20721414
f0:b0:52:3e:d6:fc,Ariel_University,[ESS],07/11/2017 16:42,44,-80,32.1059284,35.20691146
f0:b0:52:be:c7:b7,,[WPA2-PSK-CCMP][ESS],07/11/2017 16:42,44,-89,32.1059284,35.20691146
f0:b0:52:3e:c8:0c,Ariel_University,[ESS],07/11/2017 16:42,44,-91,32.1059284,35.20691146
f0:b0:52:3e:c8:1c,Ariel_University,[ESS],07/11/2017 16:42,48,-91,32.1059284,35.20691146
f0:b0:52:3e:d6:f8,Ariel_University,[ESS],07/11/2017 16:42,6,-91,32.10607836,35.20655383
f0:b0:52:3e:d9:bc,Ariel_University,[ESS],07/11/2017 16:42,36,-91,32.10607836,35.20655383
f0:b0:52:3e:c8:18,Ariel_University,[ESS],07/11/2017 16:42,11,-93,32.10607836,35.20655383
8c:0c:90:2d:7a:58,Ariel_University,[ESS],07/11/2017 16:42,6,-91,32.10615268,35.2063026
f0:3e:90:04:d2:a8,Ariel_University,[ESS],07/11/2017 16:42,6,-93,32.10615268,35.2063026
42501_7211_3084804,012 Mobile,UNKNOWN;il,07/11/2017 16:42,0,-113,32.10615268,35.2063026
14:ae:db:51:17:fd,momo,[WPA2-PSK-CCMP][ESS],07/11/2017 16:42,6,-88,32.10617371,35.20623297
24:c9:a1:36:55:78,Ariel_University,[ESS],07/11/2017 16:42,11,-89,32.10617371,35.20623297
f0:b0:52:3e:d9:b8,Ariel_University,[ESS],07/11/2017 16:42,1,-91,32.10617371,35.20623297
8c:0c:90:2e:0e:58,Ariel_University,[ESS],07/11/2017 16:42,11,-90,32.1061721,35.2061957
24:c9:a1:36:55:78,Ariel_University,[ESS],07/11/2017 16:42,11,-77,32.1061756,35.20612336
c0:ac:54:f5:b3:45,HOTBOX-CFC8,[WPA-PSK-CCMP+TKIP][WPA2-PSK-CCMP+TKIP][ESS],07/11/2017 16:42,6,-88,32.1061756,35.20612336
1c:b9:c4:08:6f:7c,Ariel_University,[ESS],07/11/2017 16:42,36,-82,32.1061756,35.20612336
f0:3e:90:05:cc:5c,Ariel_University,[ESS],07/11/2017 16:42,44,-85,32.1061756,35.20612336
8c:0c:90:2e:0e:88,Ariel_University,[ESS],07/11/2017 16:42,6,-92,32.1061756,35.20612336
8c:0c:90:2d:7a:58,Ariel_University,[ESS],07/11/2017 16:42,6,-83,32.10618075,35.20602829
f0:3e:90:05:12:88,Ariel_University,[ESS],07/11/2017 16:42,6,-93,32.10620936,35.2056022
f0:3e:90:04:f6:6c,Ariel_University,[ESS],07/11/2017 16:42,44,-93,32.1062224,35.20545137
c4:12:f5:80:d4:b8,dudu,[WPA2-PSK-CCMP][ESS],07/11/2017 16:42,60,-90,32.10623173,35.20533147
8c:0c:90:2e:e8:28,Ariel_University,[ESS],07/11/2017 16:42,1,-90,32.10623173,35.20533147
94:f6:65:b5:22:bc,,[WPA2-EAP-CCMP][ESS],07/11/2017 16:42,36,-88,32.1062376,35.20521365
94:f6:65:35:22:bc,,[WPA2-PSK-CCMP][ESS],07/11/2017 16:42,36,-90,32.1062376,35.20521365
14:ae:db:59:e4:fd,eli,[WPA2-PSK-CCMP][ESS],07/11/2017 16:42,11,-88,32.1062376,35.20521365
94:f6:65:75:22:bc,HAPOALIM,[ESS],07/11/2017 16:42,36,-89,32.1062376,35.20521365
8c:0c:90:2e:e2:48,Ariel_University,[ESS],07/11/2017 16:42,1,-91,32.1062376,35.20521365
42501_7211_3084804,012 Mobile,UNKNOWN;il,07/11/2017 16:42,0,-113,32.1062376,35.20521365
14:ae:db:59:e4:fd,eli,[WPA2-PSK-CCMP][ESS],07/11/2017 16:42,11,-83,32.10624297,35.20510896
c4:12:f5:80:d4:b9,dudu,[WPA2-PSK-CCMP][ESS],07/11/2017 16:42,1,-89,32.10624297,35.20510896
24:c9:a1:36:52:d8,Ariel_University,[ESS],07/11/2017 16:43,6,-91,32.10626171,35.20494515
24:c9:a1:35:ba:28,Ariel_University,[ESS],07/11/2017 16:43,11,-83,32.1062616,35.20477408
00:1a:2f:7f:6b:70,,[WPA2-PSK-CCMP][ESS],07/11/2017 16:43,13,-92,32.10624695,35.20365446
02:02:f5:c5:32:ee,RelTele,[WEP][IBSS],07/11/2017 16:43,1,-90,32.10624695,35.20365446
42501_7211_3084804,012 Mobile,UNKNOWN;il,07/11/2017 16:43,0,-113,32.10624695,35.20365446
14:ae:db:32:f1:ba,GGG,[WPA2-PSK-CCMP][ESS],07/11/2017 16:46,5,-85,32.10707873,35.18915098
10:be:f5:3d:2c:5c,sofia15,[WPA2-PSK-CCMP][ESS],07/11/2017 16:46,3,-91,32.10707873,35.18915098
72:be:f5:3d:2c:5d,BezeqFree,[WPA2-PSK-CCMP][ESS],07/11/2017 16:46,3,-92,32.10707873,35.18915098
14:ae:db:a3:8f:15,EITAN,[WPA-PSK-CCMP+TKIP][WPA2-PSK-CCMP+TKIP][WPS][ESS],07/11/2017 16:46,11,-92,32.10707873,35.18915098
42501_7213_5475842,012 Mobile,UNKNOWN;il,07/11/2017 16:46,0,-113,32.10707873,35.18915098
b4:ee:b4:86:c6:db,Petros Ch,[WPA-PSK-CCMP+TKIP][WPA2-PSK-CCMP+TKIP][ESS],07/11/2017 16:46,1,-92,32.1070787,35.18915098
b0:41:1d:26:d5:c9,AEH-W4A1-b0411d26d5c9,[WPA2-PSK-CCMP][ESS],07/11/2017 16:46,7,-92,32.1070787,35.18915098
14:ae:db:37:82:35,39367983,[WPA2-PSK-CCMP][ESS],07/11/2017 16:46,6,-92,32.10707867,35.18915095
e0:46:9a:6b:bf:92,marina71,[WPA2-PSK-CCMP][WPS][ESS],07/11/2017 16:46,11,-94,32.10707867,35.18915095
14:ae:db:32:f1:bd,bz17641540_5,[WPA2-PSK-CCMP][ESS],07/11/2017 16:46,48,-90,32.1070786,35.18915089
b4:ee:b4:86:c6:db,Petros Ch,[WPA-PSK-CCMP+TKIP][WPA2-PSK-CCMP+TKIP][ESS],07/11/2017 16:46,1,-81,32.10699772,35.18915228
c0:ac:54:f7:40:e9,HOTBOX-596C,[WPA-PSK-CCMP+TKIP][WPA2-PSK-CCMP+TKIP][ESS],07/11/2017 16:46,1,-86,32.10699772,35.18915228
c0:4a:00:eb:0f:4a,home123,[WPA2-PSK-CCMP+TKIP][WPS][ESS],07/11/2017 16:46,12,-91,32.10699772,35.18915228
00:0e:f4:c1:3b:49,DINA,[WPA2-PSK-CCMP][ESS],07/11/2017 16:46,6,-91,32.10699772,35.18915228
e4:6f:13:71:fd:62,danis76,[WPA2-PSK-CCMP][ESS],07/11/2017 16:46,1,-92,32.10699772,35.18915228
14:ae:db:a3:8f:15,EITAN,[WPA-PSK-CCMP+TKIP][WPA2-PSK-CCMP+TKIP][WPS][ESS],07/11/2017 16:46,11,-85,32.10682653,35.18915665
e4:6f:13:71:fd:62,danis76,[WPA2-PSK-CCMP][ESS],07/11/2017 16:46,1,-78,32.10682653,35.18915665
14:ae:db:b2:ca:ad,kalpin,[WPA2-PSK-CCMP][ESS],07/11/2017 16:46,11,-85,32.10682653,35.18915665
06:ae:db:b2:ca:ad,BezeqFree,[WPA2-PSK-CCMP][ESS],07/11/2017 16:46,11,-85,32.10682653,35.18915665
14:ae:db:4c:e1:95,klara,[WPA2-PSK-CCMP][ESS],07/11/2017 16:46,11,-87,32.10682653,35.18915665
06:ae:db:b4:68:05,BezeqFree,[WPA2-PSK-CCMP][ESS],07/11/2017 16:46,11,-86,32.10664129,35.18924732
14:ae:db:b4:68:05,avlabar,[WPA-PSK-CCMP+TKIP][WPA2-PSK-CCMP+TKIP][ESS],07/11/2017 16:46,11,-88,32.10664129,35.18924732
4c:60:de:27:5d:04,GankinNew,[WPA2-PSK-CCMP][WPS][ESS],07/11/2017 16:46,11,-89,32.10664129,35.18924732
14:ae:db:b3:ec:85,bz636086,[WPA2-PSK-CCMP][ESS],07/11/2017 16:46,6,-89,32.10664129,35.18924732
c4:12:f5:fd:1a:1a,michael,[WPA2-PSK-CCMP][ESS],07/11/2017 16:46,10,-91,32.10664129,35.18924732
72:12:f5:fd:1a:1b,BezeqFree,[WPA2-PSK-CCMP][ESS],07/11/2017 16:46,10,-92,32.10664129,35.18924732
c4:04:15:60:55:5a,Liya2.4,[WPA2-PSK-CCMP][WPS][ESS],07/11/2017 16:46,11,-84,32.10647111,35.18932163
50:c7:bf:8a:76:8f,HOME,[WPA2-PSK-CCMP][WPS][ESS],07/11/2017 16:46,44,-91,32.10647111,35.18932163
50:c7:bf:8a:76:8d,HOME,[WPA2-PSK-CCMP][WPS][ESS],07/11/2017 16:46,11,-86,32.10647111,35.18932163
ca:02:10:bb:d9:d7,DIRECT-AP[TV][LG]50LB5820-TB,[WPA2-PSK-CCMP][WPS][ESS],07/11/2017 16:46,1,-88,32.10647111,35.18932163
00:12:2a:e1:38:cc,Dimax_5g,[WPA2-PSK-CCMP][ESS],07/11/2017 16:46,48,-92,32.10647111,35.18932163
00:12:2a:e1:38:c8,Dimax_2.4G,[WPA-PSK-CCMP][ESS],07/11/2017 16:46,2,-89,32.10647111,35.18932163
06:ae:db:4c:e1:95,BezeqFree,[WPA2-PSK-CCMP][ESS],07/11/2017 16:46,11,-89,32.10647111,35.18932163
14:ae:db:3f:34:52,annas,[WPA2-PSK-CCMP][ESS],07/11/2017 16:46,5,-93,32.10647111,35.18932163
62:04:15:60:55:5b,Bezeq Free,[ESS],07/11/2017 16:46,11,-82,32.10647111,35.18932163
c4:04:15:60:55:5b,Liya5,[WPA2-PSK-CCMP][WPS][ESS],07/11/2017 16:46,44,-85,32.10627832,35.18943656
90:8d:78:55:4a:78,Babush_5,[WPA2-PSK-CCMP][ESS],07/11/2017 16:46,48,-91,32.10627832,35.18943656
42501_7213_5475842,012 Mobile,UNKNOWN;il,07/11/2017 16:46,0,-113,32.10604695,35.18956373
14:ae:db:cf:53:6d,Rubi,[WPA-PSK-CCMP+TKIP][WPA2-PSK-CCMP+TKIP][WPS][ESS],07/11/2017 16:46,6,-91,32.105772,35.18964
74:da:39:69:d3:0d,Rubi,[WPA2-PSK-CCMP][ESS],07/11/2017 16:46,6,-91,32.105772,35.18964
14:ae:db:ce:98:9d,BEZEQINT-9899,[WPA-PSK-CCMP+TKIP][WPA2-PSK-CCMP+TKIP][WPS][ESS],07/11/2017 16:46,11,-91,32.105772,35.18964
10:be:f5:3d:6d:0c,Lion,[WPA2-PSK-CCMP][ESS],07/11/2017 16:47,9,-87,32.10522642,35.18947222
62:be:f5:3d:6d:0d,Bezeq Free,[WPA2-PSK-CCMP][ESS],07/11/2017 16:47,9,-87,32.10522642,35.18947222
7c:03:4c:ba:dc:98,Gladkov,[WPA-PSK-CCMP+TKIP][WPA2-PSK-CCMP+TKIP][ESS],07/11/2017 16:47,11,-92,32.10522642,35.18947222
14:ae:db:b1:8a:fd,olegdardyk,[WPA2-PSK-CCMP][ESS],07/11/2017 16:47,6,-95,32.10522642,35.18947222
a0:4f:d4:2c:5a:e2,rozo_5,[WPA2-PSK-CCMP][ESS],07/11/2017 16:47,52,-80,32.10501624,35.18924579
a0:4f:d4:2c:5a:e1,rozo_2.4,[WPA2-PSK-CCMP][ESS],07/11/2017 16:47,1,-82,32.10501624,35.18924579
14:ae:db:a4:c1:32,Irina_dom,[WPA2-PSK-CCMP][ESS],07/11/2017 16:47,11,-91,32.10501624,35.18924579
14:ae:db:53:bd:6d,Monika,[WPA2-PSK-CCMP][ESS],07/11/2017 16:47,6,-92,32.10501624,35.18924579
42501_7213_5475842,012 Mobile,UNKNOWN;il,07/11/2017 16:47,0,-113,32.10501624,35.18924579
14:ae:db:b1:8a:fd,olegdardyk,[WPA2-PSK-CCMP][ESS],07/11/2017 16:47,6,-85,32.10489358,35.18896211
14:ae:db:4f:aa:65,BEZEQINT-AA61,[WPA-PSK-CCMP+TKIP][WPA2-PSK-CCMP+TKIP][WPS][ESS],07/11/2017 16:47,11,-78,32.10489358,35.18896211
86:25:19:02:7d:0d,DIRECT-9YM2070 Series,[WPA2-PSK-CCMP][WPS-AUTH][ESS],07/11/2017 16:47,11,-82,32.10489358,35.18896211
00:12:2a:e2:03:3c,SmartBox5G,[WPA2-PSK-CCMP][ESS],07/11/2017 16:47,40,-88,32.10489358,35.18896211
ac:f1:df:9e:49:81,323419853,[WPA2-PSK-CCMP][ESS],07/11/2017 16:47,11,-85,32.10489358,35.18896211
c0:ac:54:f8:72:09,Koriat1,[WPA-PSK-CCMP+TKIP][WPA2-PSK-CCMP+TKIP][ESS],07/11/2017 16:47,13,-85,32.10489358,35.18896211
00:12:2a:e2:03:38,SmartBox-0330,[WPA-PSK-CCMP+TKIP][WPA2-PSK-CCMP+TKIP][WPS][ESS],07/11/2017 16:47,7,-86,32.10489358,35.18896211
a0:ab:1b:61:fc:0e,ilia,[WPA2-PSK-CCMP][ESS],07/11/2017 16:47,9,-91,32.10489358,35.18896211
64:66:b3:d8:bf:5c,Butterfly,[WPA-PSK-CCMP+TKIP][WPA2-PSK-CCMP+TKIP][WPS][ESS],07/11/2017 16:47,13,-91,32.10489358,35.18896211
14:ae:db:b4:4c:4d,avigail,[WPA2-PSK-CCMP][ESS],07/11/2017 16:47,11,-91,32.10489358,35.18896211
d0:0f:6d:f1:05:c3,vladimir,[WPA-PSK-CCMP+TKIP][ESS],07/11/2017 16:47,7,-89,32.10481614,35.18877444
14:ae:db:b1:65:2d,k3833412,[WPA2-PSK-CCMP][ESS],07/11/2017 16:47,11,-91,32.10481614,35.18877444
74:da:38:cc:dc:eb,,[WPA2-PSK-CCMP-preauth][ESS],07/11/2017 16:47,2,-92,32.10481614,35.18877444
d8:fe:e3:04:7f:19,Murasakibara,[WPA2-PSK-CCMP][ESS],07/11/2017 16:47,11,-83,32.10484597,35.18858294
b0:41:1d:28:3d:2f,AEH-W4A1-b0411d283d2f,[WPA2-PSK-CCMP][ESS],07/11/2017 16:47,6,-90,32.10484597,35.18858294
14:ae:db:cb:7a:85,BEZEQINT-7A81,[WPA-PSK-CCMP+TKIP][WPA2-PSK-CCMP+TKIP][WPS][ESS],07/11/2017 16:47,11,-92,32.10484597,35.18858294
6a:fe:e3:04:7f:1a,Bezeq Free 047F18,[ESS],07/11/2017 16:47,11,-83,32.10484597,35.18858294
14:ae:db:be:21:f5,Yrakiller_5,[WPA2-PSK-CCMP][ESS],07/11/2017 16:47,48,-87,32.1049577,35.18833147
14:ae:db:be:21:f2,Yrakiller,[WPA2-PSK-CCMP][ESS],07/11/2017 16:47,9,-84,32.1049577,35.18833147
14:af:db:be:21:f2,BezeqFree,[WPA2-PSK-CCMP][ESS],07/11/2017 16:47,9,-84,32.1049577,35.18833147
c4:12:f5:fb:b9:5e,Emma,[WPA-PSK-CCMP][ESS],07/11/2017 16:47,4,-89,32.1049577,35.18833147
14:ae:db:57:ff:ed,MorYarden,[WPA2-PSK-CCMP][ESS],07/11/2017 16:47,6,-90,32.1049577,35.18833147
84:a1:d1:0f:18:15,HOTBOX-2D79,[WPA-PSK-CCMP+TKIP][WPA2-PSK-CCMP+TKIP][ESS],07/11/2017 16:47,1,-91,32.1049577,35.18833147
f4:f2:6d:96:81:b8,TLVSpot.com,[WPA2-PSK-CCMP][WPS][ESS],07/11/2017 16:47,11,-91,32.10505061,35.18800618
6c:72:20:40:ba:c0,Talya,[WPA2-PSK-CCMP][WPS][ESS],07/11/2017 16:47,6,-91,32.10505061,35.18800618
42501_7213_5475842,012 Mobile,UNKNOWN;il,07/11/2017 16:47,0,-113,32.10505061,35.18800618
14:d6:4d:f4:53:9e,home,[WPA2-PSK-CCMP][ESS],07/11/2017 16:47,6,-92,32.1050894,35.1877416
00:02:6f:b8:c4:1a,,[ESS],07/11/2017 16:47,11,-93,32.1050894,35.1877416
14:ae:db:31:3c:8d,Virus2.4_5,[WPA2-PSK-CCMP][ESS],07/11/2017 16:47,48,-90,32.10509362,35.1876108
14:ae:db:31:3c:8a,Virus2.4,[WPA2-PSK-CCMP][ESS],07/11/2017 16:47,2,-92,32.10509362,35.1876108
14:af:db:31:3c:8a,BezeqFree,[WPA2-PSK-CCMP][ESS],07/11/2017 16:47,2,-93,32.10509362,35.1876108
42501_7213_5319681,012 Mobile,UNKNOWN;il,07/11/2017 16:47,0,-113,32.1049167,35.18744624
14:ae:db:31:3c:8a,Virus2.4,[WPA2-PSK-CCMP][ESS],07/11/2017 16:47,2,-87,32.10472676,35.18731053
14:af:db:31:3c:8a,BezeqFree,[WPA2-PSK-CCMP][ESS],07/11/2017 16:47,2,-87,32.10472676,35.18731053
20:02:af:9b:18:3a,AndroidAP,[WPA2-PSK-CCMP][ESS],07/11/2017 16:47,6,-90,32.10472676,35.18731053
c8:be:19:11:b2:25,Bezeq-N_11b224,[ESS],07/11/2017 16:47,6,-92,32.10472676,35.18731053
c4:12:f5:f6:3f:f6,Yuri,[WPA2-PSK-CCMP][ESS],07/11/2017 16:47,11,-85,32.10457269,35.18712005
14:ae:db:b1:37:15,LEVY,[WPA2-PSK-CCMP][ESS],07/11/2017 16:47,11,-93,32.10457269,35.18712005
42501_7213_5475841,012 Mobile,UNKNOWN;il,07/11/2017 16:47,0,-113,32.10457269,35.18712005
14:ae:db:4d:d9:35,Kelman,[WPA2-PSK-CCMP][ESS],07/11/2017 16:47,1,-87,32.10449167,35.18686777
fc:b4:e6:d2:7d:e5,lilya,[WPA-PSK-CCMP+TKIP][WPA2-PSK-CCMP+TKIP][ESS],07/11/2017 16:47,11,-87,32.10449167,35.18686777
34:08:04:04:80:9f,simchi,[WPA2-PSK-CCMP][ESS],07/11/2017 16:47,6,-90,32.10449167,35.18686777
14:ae:db:31:5a:7d,Yuval_2,[WPA2-PSK-CCMP][ESS],07/11/2017 16:47,48,-91,32.10444663,35.18638045
14:ae:db:31:5a:7a,Yuval_1,[WPA2-PSK-CCMP][ESS],07/11/2017 16:47,11,-93,32.10444663,35.18638045
10:be:f5:36:45:0e,Spartak,[WPA2-PSK-CCMP][ESS],07/11/2017 16:47,7,-85,32.10443466,35.18630883
14:ae:db:31:5a:7a,Yuval_1,[WPA2-PSK-CCMP][ESS],07/11/2017 16:48,11,-88,32.10447064,35.18630613
b4:ee:b4:fe:21:fc,Leshii,[WPA-PSK-CCMP+TKIP][WPA2-PSK-CCMP+TKIP][ESS],07/11/2017 16:48,7,-92,32.10447072,35.18630589
04:a1:51:c9:17:ec,nisim1,[WPA2-PSK-CCMP][WPS][ESS],07/11/2017 16:48,11,-92,32.10447107,35.18630585
ac:f1:df:9d:09:79,Yunjeck,[WPA2-PSK-CCMP][ESS],07/11/2017 16:48,11,-90,32.10448014,35.18630487
a0:4f:d4:3d:0b:41,sofer,[WPA2-PSK-CCMP][ESS],07/11/2017 16:48,1,-92,32.10449743,35.186065
42501_7213_5475841,012 Mobile,UNKNOWN;il,07/11/2017 16:48,0,-113,32.10449743,35.186065
c4:04:15:48:c5:5a,haba_2.4,[WPA2-PSK-CCMP][WPS][ESS],07/11/2017 16:48,6,-89,32.10449418,35.18580959
62:04:15:48:c5:5b,Bezeq Free G000B7,[ESS],07/11/2017 16:48,6,-88,32.10449418,35.18580959
14:ae:db:55:89:cd,BEZEQINT-89C9,[WPA-PSK-CCMP+TKIP][WPA2-PSK-CCMP+TKIP][WPS][ESS],07/11/2017 16:48,11,-89,32.10450283,35.18550735
84:34:97:ac:91:60,HP-Print-60-Officejet Pro 8600,[WPA2-PSK-CCMP][ESS],07/11/2017 16:48,6,-90,32.10450283,35.18550735
10:be:f5:36:45:0e,Spartak,[WPA2-PSK-CCMP][ESS],07/11/2017 16:48,7,-89,32.10446484,35.18522911
14:ae:db:31:5a:7a,Yuval_1,[WPA2-PSK-CCMP][ESS],07/11/2017 16:48,11,-90,32.10446484,35.18522911
b4:ee:b4:fe:21:fc,Leshii,[WPA-PSK-CCMP+TKIP][WPA2-PSK-CCMP+TKIP][ESS],07/11/2017 16:48,7,-92,32.10446484,35.18522911
14:ae:db:38:11:bd,yg,[WPA2-PSK-CCMP][ESS],07/11/2017 16:48,6,-86,32.10446484,35.18522911
06:ae:db:38:11:bd,BezeqFree,[WPA2-PSK-CCMP][ESS],07/11/2017 16:48,6,-90,32.10446484,35.18522911
42501_7213_5475841,012 Mobile,UNKNOWN;il,07/11/2017 16:48,0,-113,32.10441218,35.18501232
e0:ce:c3:3c:7a:eb,Veronika,[WPA-PSK-CCMP+TKIP][WPA2-PSK-CCMP+TKIP][ESS],07/11/2017 16:48,6,-90,32.10439621,35.18489607
7c:b7:33:be:54:bb,HOTBOX-54B5,[WPA-PSK-CCMP+TKIP][WPA2-PSK-CCMP+TKIP][ESS],07/11/2017 16:48,11,-85,32.10438884,35.18488261
7c:b7:33:be:54:bb,HOTBOX-54B5,[WPA-PSK-CCMP+TKIP][WPA2-PSK-CCMP+TKIP][ESS],07/11/2017 16:48,11,-75,32.10438962,35.18487244
74:da:38:b9:37:de,Ori_2EX,[WPA2-PSK-CCMP-preauth][WPS][ESS],07/11/2017 16:48,1,-84,32.10438962,35.18487244
14:ae:db:45:f3:5d,22203475,[WPA2-PSK-CCMP][ESS],07/11/2017 16:48,1,-92,32.10438962,35.18487244
18:1e:78:fc:fd:61,Veronika,[WPA-PSK-CCMP+TKIP][WPA2-PSK-CCMP+TKIP][ESS],07/11/2017 16:48,6,-92,32.10438962,35.18487244
c4:12:f5:08:34:30,Mars,[WPA-PSK-CCMP][WPA2-PSK-CCMP][ESS],07/11/2017 16:48,3,-79,32.10439585,35.18486821
06:ae:db:38:11:bd,BezeqFree,[WPA2-PSK-CCMP][ESS],07/11/2017 16:48,6,-82,32.10439585,35.18486821
c4:04:15:0f:bb:c1,gsk5,[WPA2-PSK-CCMP][WPS][ESS],07/11/2017 16:48,60,-91,32.10439585,35.18486821
7c:b7:33:ea:ad:b5,HOTFiber1,[WPA-PSK-CCMP+TKIP][WPA2-PSK-CCMP+TKIP][ESS],07/11/2017 16:48,9,-91,32.10439585,35.18486821
c4:04:15:0f:bb:c0,gsk,[WPA2-PSK-CCMP][WPS][ESS],07/11/2017 16:48,11,-79,32.10439927,35.18486914
90:8d:78:53:fc:d6,homeede2,[WPA-PSK-CCMP][WPA2-PSK-CCMP][ESS],07/11/2017 16:48,1,-89,32.1044055,35.18486512
c4:12:f5:fb:39:fc,ericayaniv,[WPA2-PSK-CCMP][ESS],07/11/2017 16:48,13,-89,32.1044055,35.18486512
14:ae:db:59:db:9d,BEZEK10,[WPA2-PSK-CCMP][ESS],07/11/2017 16:48,11,-92,32.1044055,35.18486512
c4:12:f5:08:34:30,Mars,[WPA-PSK-CCMP][WPA2-PSK-CCMP][ESS],07/11/2017 16:49,3,-71,32.1043916,35.18483809
7c:b7:33:ea:ad:b5,HOTFiber1,[WPA-PSK-CCMP+TKIP][WPA2-PSK-CCMP+TKIP][ESS],07/11/2017 16:49,9,-78,32.1043916,35.18483809
c4:04:15:0f:bb:c0,gsk,[WPA2-PSK-CCMP][WPS][ESS],07/11/2017 16:49,11,-74,32.1043916,35.18483809
18:1e:78:fc:fd:61,Veronika,[WPA-PSK-CCMP+TKIP][WPA2-PSK-CCMP+TKIP][ESS],07/11/2017 16:49,6,-84,32.1043916,35.18483809
a0:ab:1b:64:17:5a,geri,[WPA2-PSK-CCMP][ESS],07/11/2017 16:49,1,-86,32.1043916,35.18483809
7c:b7:33:c1:41:de,hay,[WPA-PSK-CCMP+TKIP][WPA2-PSK-CCMP+TKIP][ESS],07/11/2017 16:49,1,-86,32.1043916,35.18483809
06:ae:db:53:f6:3d,BezeqFree,[WPA2-PSK-CCMP][ESS],07/11/2017 16:49,1,-87,32.1043916,35.18483809
00:02:6f:b8:c4:12,,[ESS],07/11/2017 16:49,11,-87,32.1043916,35.18483809
e0:ce:c3:3c:7a:eb,Veronika,[WPA-PSK-CCMP+TKIP][WPA2-PSK-CCMP+TKIP][ESS],07/11/2017 16:49,6,-85,32.10437259,35.18480723
a0:8e:78:7e:58:5a,hay,[WPA-PSK-CCMP+TKIP][WPA2-PSK-CCMP+TKIP][ESS],07/11/2017 16:49,1,-83,32.10435955,35.18476948
14:ae:db:b2:33:45,veredrotem3,[WPA2-PSK-CCMP][ESS],07/11/2017 16:49,11,-85,32.10435955,35.18476948
54:64:d9:5f:61:2b,HOTFiber1,[WPA-PSK-CCMP+TKIP][WPA2-PSK-CCMP+TKIP][ESS],07/11/2017 16:49,9,-91,32.10435955,35.18476948
a4:08:f5:23:3a:07,HOT-555,[WPA-PSK-CCMP+TKIP][WPA2-PSK-CCMP+TKIP][ESS],07/11/2017 16:49,11,-90,32.1043421,35.18471475
16:0c:c3:ee:85:19,Yossi,[WPA-PSK-CCMP+TKIP][WPA2-PSK-CCMP+TKIP][WPS][ESS],07/11/2017 16:49,9,-91,32.1043421,35.18471475
b4:ee:b4:8c:c6:90,Yaelaf,[WPA-PSK-CCMP+TKIP][WPA2-PSK-CCMP+TKIP][ESS],07/11/2017 16:49,11,-87,32.10432772,35.18467689
74:88:8b:fe:db:a8,yonatan840,[WPA2-PSK-CCMP][ESS],07/11/2017 16:49,1,-90,32.10433921,35.18465649
c8:d3:a3:21:72:29,oksanako,[WPA2-PSK-CCMP][ESS],07/11/2017 16:49,6,-93,32.10433749,35.18465845
42501_7213_5319681,012 Mobile,UNKNOWN;il,07/11/2017 16:49,0,-113,32.1043311,35.18466759
d0:84:b0:fe:51:c5,HOTFiber1,[WPA-PSK-CCMP+TKIP][WPA2-PSK-CCMP+TKIP][ESS],07/11/2017 16:49,9,-88,32.10433147,35.1846662
44:6e:e5:67:91:3d,Partner-4G-913D,[WPA2-PSK-CCMP][ESS],07/11/2017 16:49,10,-93,32.10433147,35.1846662
c4:04:15:0f:bb:c1,gsk5,[WPA2-PSK-CCMP][WPS][ESS],07/11/2017 16:49,60,-84,32.10432899,35.1846346
e0:ce:c3:3c:7a:eb,Veronika,[WPA-PSK-CCMP+TKIP][WPA2-PSK-CCMP+TKIP][ESS],07/11/2017 16:49,6,-77,32.10432156,35.18461435
00:8c:54:91:03:11,Eyal,[WPA2-PSK-CCMP][ESS],07/11/2017 16:49,6,-80,32.10432156,35.18461435
d8:fe:e3:02:99:41,jenib,[WPA2-PSK-CCMP][ESS],07/11/2017 16:49,1,-89,32.10432156,35.18461435
f8:ab:05:48:28:a8,HOTBOX-54B5,[WPA-PSK-CCMP+TKIP][WPA2-PSK-CCMP+TKIP][ESS],07/11/2017 16:49,11,-91,32.10432309,35.1846085
40:b0:34:5f:de:4b,DIRECT-4A-HP DeskJet 3830 series,[WPA2-PSK-CCMP][WPS][ESS],07/11/2017 16:50,1,-88,32.1044777,35.18435785
34:08:04:e0:cb:ca,dlink,[ESS],07/11/2017 16:50,2,-92,32.1044777,35.18435785
e4:6f:13:6f:d9:88,Bezeq_WiFi,[ESS],07/11/2017 16:50,9,-93,32.1044777,35.18435785
a0:4f:d4:3a:d2:51,ben ayun,[WPA2-PSK-CCMP][ESS],07/11/2017 16:50,1,-89,32.10451547,35.18424289
f4:f2:6d:c3:8f:64,Yarkoni,[WPA-PSK-CCMP+TKIP][WPA2-PSK-CCMP+TKIP][ESS],07/11/2017 16:50,11,-89,32.10451547,35.18424289
80:1f:02:17:26:80,Mordor,[ESS],07/11/2017 16:50,11,-91,32.10451547,35.18424289
74:da:3c:80:3a:0c,ben_mergi,[WPA2-PSK-CCMP][ESS],07/11/2017 16:50,5,-89,32.10454615,35.18422658
5a:fe:e3:02:ed:9a,Bezeq Free,[ESS],07/11/2017 16:50,1,-89,32.10454842,35.18422529
00:78:9e:fa:ed:5f,Boss,[WPA-PSK-CCMP+TKIP][WPA2-PSK-CCMP+TKIP][ESS],07/11/2017 16:50,1,-85,32.1045531,35.18423002
e8:fc:af:9a:3c:67,taskerm 2.4,[WPA2-PSK-CCMP][WPS][ESS],07/11/2017 16:50,1,-86,32.1045531,35.18423002
f4:f2:6d:97:59:5c,taskerm 2.4,[WPA-PSK-CCMP+TKIP][WPA2-PSK-CCMP+TKIP][WPS][ESS],07/11/2017 16:50,8,-91,32.10455779,35.18423093
40:b0:34:5f:de:4b,DIRECT-4A-HP DeskJet 3830 series,[WPA2-PSK-CCMP][WPS][ESS],07/11/2017 16:50,1,-82,32.10456606,35.18422669
74:da:38:80:3a:0b,NBM,[WPA2-PSK-CCMP][WPS][ESS],07/11/2017 16:50,5,-92,32.10456606,35.18422669
e8:fc:af:9a:3c:68,taskerm 5,[WPA2-PSK-CCMP][WPS][ESS],07/11/2017 16:50,60,-86,32.10464995,35.1842174
3c:52:82:a2:08:c5,DIRECT-C4-HP DeskJet 3830 series,[WPA2-PSK-CCMP][WPS][ESS],07/11/2017 16:50,13,-90,32.10464995,35.1842174
e8:fc:af:9a:3c:67,taskerm 2.4,[WPA2-PSK-CCMP][WPS][ESS],07/11/2017 16:50,1,-73,32.10468507,35.18420318
74:da:38:80:3a:0b,NBM,[WPA2-PSK-CCMP][WPS][ESS],07/11/2017 16:50,5,-84,32.10468507,35.18420318
e8:fc:af:9a:3c:68,taskerm 5,[WPA2-PSK-CCMP][WPS][ESS],07/11/2017 16:50,60,-79,32.10471212,35.18420447
40:65:a3:2b:4b:20,ofer,[WEP][ESS],07/11/2017 16:51,6,-92,32.10475375,35.18419095
e8:fc:af:9a:3c:67,taskerm 2.4,[WPA2-PSK-CCMP][WPS][ESS],07/11/2017 16:51,1,-68,32.10477821,35.18417513
f4:f2:6d:97:59:5c,taskerm 2.4,[WPA-PSK-CCMP+TKIP][WPA2-PSK-CCMP+TKIP][WPS][ESS],07/11/2017 16:51,8,-81,32.10477821,35.18417513
4c:60:de:4e:5d:7e,sergey7011,[WPA2-PSK-CCMP][WPS][ESS],07/11/2017 16:51,1,-89,32.10477821,35.18417513
c0:ac:54:f5:88:0a,GOLD2017,[WPA-PSK-CCMP+TKIP][WPA2-PSK-CCMP+TKIP][ESS],07/11/2017 16:51,11,-92,32.10477821,35.18417513
e4:6f:13:6f:b5:e8,sar27,[WPA2-PSK-CCMP][ESS],07/11/2017 16:51,9,-89,32.104799,35.18417401
e8:fc:af:80:80:a0,law office,[WPA2-PSK-CCMP][WPS][ESS],07/11/2017 16:51,11,-89,32.104799,35.18417401
10:5a:f7:03:e9:55,arbiv_2.4,[WPA2-PSK-CCMP][ESS],07/11/2017 16:51,11,-90,32.104799,35.18417401
62:6f:13:6f:b5:e9,BezeqFree,[WPA2-PSK-CCMP][ESS],07/11/2017 16:51,9,-91,32.104799,35.18417401
14:ae:db:b0:4b:45,yakov,[WPA2-PSK-CCMP][ESS],07/11/2017 16:51,11,-92,32.104799,35.18417401
74:da:3c:80:3a:0c,ben_mergi,[WPA2-PSK-CCMP][ESS],07/11/2017 16:51,5,-82,32.10484777,35.18416802
e8:fc:af:80:80:a0,law office,[WPA2-PSK-CCMP][WPS][ESS],07/11/2017 16:51,11,-79,32.10484777,35.18416802
14:ae:db:cf:a8:25,pinto848,[WPA-PSK-CCMP+TKIP][WPA2-PSK-CCMP+TKIP][WPS][ESS],07/11/2017 16:51,6,-87,32.10484957,35.18416864
ac:f1:df:18:8f:23,bezeqzionut62-2 2.4,[WPA2-PSK-CCMP][ESS],07/11/2017 16:51,1,-88,32.104897,35.18416372
e8:94:f6:ce:bc:c3,Hadad,[WPA-PSK-CCMP][WPA2-PSK-CCMP][WPS][ESS],07/11/2017 16:51,6,-92,32.10492405,35.18414025
b8:a3:86:0e:bd:33,Boaz,[WEP][ESS],07/11/2017 16:51,6,-93,32.10492405,35.18414025
62:a3:86:0e:bd:30,Bezeq Free 0EBD32,[ESS],07/11/2017 16:51,6,-91,32.10492405,35.18414025
e4:6f:13:6f:b5:e8,sar27,[WPA2-PSK-CCMP][ESS],07/11/2017 16:51,9,-80,32.10497236,35.18410092
62:6f:13:6f:b5:e9,BezeqFree,[WPA2-PSK-CCMP][ESS],07/11/2017 16:51,9,-81,32.10497236,35.18410092
c0:ac:54:f5:88:0a,GOLD2017,[WPA-PSK-CCMP+TKIP][WPA2-PSK-CCMP+TKIP][ESS],07/11/2017 16:51,11,-85,32.10501403,35.18405218
c0:ff:d4:7f:d5:eb,15744626,[WPA2-PSK-CCMP][WPS][ESS],07/11/2017 16:52,1,-80,32.10503173,35.1839849
7c:26:64:eb:14:ad,sholi 5,[WPA-PSK-CCMP+TKIP][WPA2-PSK-CCMP+TKIP][ESS],07/11/2017 16:52,11,-85,32.10503173,35.1839849
18:d6:c7:72:8a:1a,bezeqzionut62-2 2.4,[WPA2-PSK-CCMP+TKIP][WPS][ESS],07/11/2017 16:52,1,-91,32.10503173,35.1839849
62:ff:d4:7f:d5:e8,Bezeq Free HA7608,[ESS],07/11/2017 16:52,1,-81,32.10503173,35.1839849
ac:f1:df:18:8f:23,bezeqzionut62-2 2.4,[WPA2-PSK-CCMP][ESS],07/11/2017 16:52,1,-80,32.10502669,35.18394383
74:da:3a:59:03:12,LEVIN,[WPA2-PSK-CCMP][ESS],07/11/2017 16:52,6,-90,32.10502669,35.18394383
72:f1:df:18:8f:20,Bezeq Free,[ESS],07/11/2017 16:52,1,-78,32.10502669,35.18394383
00:78:9e:fb:42:02,HOTBOX-F606,[WPA-PSK-CCMP+TKIP][WPA2-PSK-CCMP+TKIP][ESS],07/11/2017 16:52,1,-85,32.10503974,35.18389956
e8:94:f6:ce:bc:c3,Hadad,[WPA-PSK-CCMP][WPA2-PSK-CCMP][WPS][ESS],07/11/2017 16:52,6,-84,32.10508133,35.18388831
e8:94:f6:ce:bc:c4,Hadad5,[WPA-PSK-CCMP][WPA2-PSK-CCMP][WPS][ESS],07/11/2017 16:52,36,-82,32.10508133,35.18388831
00:21:04:48:f7:02,Grossman,[WPA-PSK-CCMP+TKIP][WPA2-PSK-CCMP+TKIP][ESS],07/11/2017 16:52,11,-88,32.10508133,35.18388831
62:6f:13:6f:b5:e9,BezeqFree,[WPA2-PSK-CCMP][ESS],07/11/2017 16:52,9,-76,32.1051112,35.18387788
c0:a0:bb:cc:cb:8d,LEVIN,[WPA2-PSK-CCMP][ESS],07/11/2017 16:52,6,-84,32.1051112,35.18387788
00:1f:1f:36:4e:48,Grossman-AP,[WPA-PSK-TKIP][WPS][ESS],07/11/2017 16:52,11,-90,32.1051112,35.18387788
e8:94:f6:ce:bc:c3,Hadad,[WPA-PSK-CCMP][WPA2-PSK-CCMP][WPS][ESS],07/11/2017 16:52,6,-72,32.10515307,35.1838607
e8:94:f6:ce:bc:c4,Hadad5,[WPA-PSK-CCMP][WPA2-PSK-CCMP][WPS][ESS],07/11/2017 16:52,36,-75,32.10515307,35.1838607
c0:a0:bb:cc:cb:8d,LEVIN,[WPA2-PSK-CCMP][ESS],07/11/2017 16:52,6,-75,32.10515307,35.1838607
74:da:38:59:03:11,LEVIN2,[WPA2-PSK-CCMP][WPS][ESS],07/11/2017 16:52,6,-91,32.10515307,35.1838607
c0:a0:bb:cc:cb:8e,Levin,[WPA2-PSK-CCMP][ESS],07/11/2017 16:52,48,-82,32.10515552,35.18385783
16:0c:c3:ef:0b:91,Perach2,[WPA-PSK-CCMP+TKIP][WPA2-PSK-CCMP+TKIP][WPS][ESS],07/11/2017 16:52,11,-85,32.10515552,35.18385783
c4:04:15:11:23:49,bzyashar10_5,[WPA2-PSK-CCMP][WPS][ESS],07/11/2017 16:52,60,-92,32.10515466,35.18385876
c4:12:f5:fb:39:fc,ericayaniv,[WPA2-PSK-CCMP][ESS],07/11/2017 16:52,13,-94,32.10515466,35.18385876
e8:94:f6:ce:bc:c3,Hadad,[WPA-PSK-CCMP][WPA2-PSK-CCMP][WPS][ESS],07/11/2017 16:52,6,-59,32.10516399,35.18386607
e8:94:f6:ce:bc:c4,Hadad5,[WPA-PSK-CCMP][WPA2-PSK-CCMP][WPS][ESS],07/11/2017 16:52,36,-70,32.10516399,35.18386607
e4:6f:13:6f:b5:e8,sar27,[WPA2-PSK-CCMP][ESS],07/11/2017 16:52,9,-73,32.10516422,35.18386692
e8:94:f6:ce:bc:c3,Hadad,[WPA-PSK-CCMP][WPA2-PSK-CCMP][WPS][ESS],07/11/2017 16:54,6,-52,32.10516409,35.18386685
e8:94:f6:ce:bc:c4,Hadad5,[WPA-PSK-CCMP][WPA2-PSK-CCMP][WPS][ESS],07/11/2017 16:54,36,-53,32.10516409,35.18386685
e8:94:f6:ce:bc:c3,Hadad,[WPA-PSK-CCMP][WPA2-PSK-CCMP][WPS][ESS],07/11/2017 16:54,6,-46,32.10517257,35.18387268
e8:94:f6:ce:bc:c4,Hadad5,[WPA-PSK-CCMP][WPA2-PSK-CCMP][WPS][ESS],07/11/2017 16:54,36,-44,32.10516986,35.1838989
c4:04:15:11:23:48,bzyashar10,[WPA2-PSK-CCMP][WPS][ESS],07/11/2017 16:55,1,-92,32.10517443,35.18388926
